-- ============================================================
-- FILE: 02_synthetic_data.sql
-- PROJECT: Malaysian Banking & Fintech Analytics (Synthetic)
-- AUTHOR: Aritra Paul
-- INSTITUTION: Sunway University, Malaysia
-- DESCRIPTION: All synthetic INSERT statements.
--              Data is 100% fictional. For academic use only.
-- ENGINE: MySQL 8.0
-- ============================================================

USE mybank_analytics;

-- ============================================================
-- BRANCHES (10 rows)
-- ============================================================
INSERT INTO branches (branch_name, city, state, address, phone, manager_name, opened_date) VALUES
('KLCC Branch','Kuala Lumpur','Kuala Lumpur','Level 3 Suria KLCC Jalan Ampang 50088 KL','03-2166-1234','Dato Ahmad Razali','2005-03-15'),
('Petaling Jaya Branch','Petaling Jaya','Selangor','12 Jalan SS2/64 SS2 47500 Petaling Jaya','03-7873-5678','Lim Chee Keong','2007-06-01'),
('Georgetown Branch','George Town','Penang','68 Jalan Penang 10000 George Town','04-263-9012','Priya Ramasamy','2006-09-10'),
('Johor Bahru Branch','Johor Bahru','Johor','25 Jalan Wong Ah Fook 80000 Johor Bahru','07-224-3456','Mohd Fadzil Ibrahim','2008-01-20'),
('Ipoh Branch','Ipoh','Perak','8 Jalan Sultan Idris Shah 30000 Ipoh','05-241-7890','Wong Mei Ling','2009-04-05'),
('Kuching Branch','Kuching','Sarawak','35 Main Bazaar 93000 Kuching','082-244-234','James Ling Bong','2010-07-12'),
('Kota Kinabalu Branch','Kota Kinabalu','Sabah','5 Jalan Gaya 88000 Kota Kinabalu','088-232-567','Siti Norhaliza Kassim','2011-02-28'),
('Shah Alam Branch','Shah Alam','Selangor','3 Persiaran Perbandaran 40000 Shah Alam','03-5510-8901','Rajesh Kumar Nair','2012-05-15'),
('Subang Jaya Branch','Subang Jaya','Selangor','47 Jalan SS15/4 SS15 47500 Subang Jaya','03-5635-2345','Tan Boon Huat','2013-08-22'),
('Melaka Branch','Melaka','Melaka','18 Jalan Hang Tuah 75300 Melaka','06-283-6789','Noraini Abdul Hamid','2014-11-10');

-- ============================================================
-- CUSTOMERS (80 rows)
-- ============================================================
INSERT INTO customers (nric,full_name,gender,date_of_birth,phone,email,address,state,occupation,monthly_income,income_tier,home_branch_id,customer_since) VALUES
('850312-10-1007','Ahmad Razali','M','1985-03-12','011-3924831','ahmad.razali1@email.my','45 Jalan 3/20','Kuala Lumpur','Software Engineer',8200.00,'M40',1,'2018-05-14'),
('900615-11-1014','Muhammad Hafiz','M','1990-06-15','012-7183920','muhammad.hafiz2@email.my','78 Jalan 7/15','Selangor','Teacher',3500.00,'B40',2,'2019-03-22'),
('780920-10-1021','Abdullah Sani','M','1978-09-20','013-4829103','abdullah.sani3@email.my','12 Jalan 12/8','Kuala Lumpur','Doctor',15200.00,'T20',1,'2016-11-05'),
('880214-12-1028','Mohd Faizal','M','1988-02-14','014-6173820','mohd.faizal4@email.my','33 Jalan 5/12','Johor','Accountant',5800.00,'M40',4,'2017-08-19'),
('920718-10-1035','Azrul Nizam','M','1992-07-18','015-9283741','azrul.nizam5@email.my','67 Jalan 8/3','Penang','Nurse',3200.00,'B40',3,'2020-01-30'),
('750428-11-1042','Ismail Hashim','M','1975-04-28','016-3847291','ismail.hashim6@email.my','89 Jalan 2/17','Selangor','Lawyer',12500.00,'T20',8,'2015-06-14'),
('860903-10-1049','Khairul Anuar','M','1986-09-03','017-2948371','khairul.anuar7@email.my','22 Jalan 14/6','Kuala Lumpur','Civil Servant',4200.00,'M40',1,'2018-09-28'),
('910127-12-1056','Zulkifli Omar','M','1991-01-27','018-7364829','zulkifli.omar8@email.my','54 Jalan 9/11','Johor','Business Owner',18500.00,'T20',4,'2016-04-12'),
('830815-11-1063','Roslan Bakar','M','1983-08-15','019-4829173','roslan.bakar9@email.my','38 Jalan 6/14','Selangor','Marketing Manager',7600.00,'M40',9,'2017-12-03'),
('950322-10-1070','Hairul Azlan','M','1995-03-22','011-6273849','hairul.azlan10@email.my','71 Jalan 11/5','Kuala Lumpur','Engineer',5200.00,'M40',1,'2021-07-18'),
('870610-11-1077','Nor Azman','M','1987-06-10','012-3847261','nor.azman11@email.my','16 Jalan 4/9','Selangor','Lecturer',6800.00,'M40',2,'2019-02-25'),
('930824-12-1084','Fadzli Ramli','M','1993-08-24','013-9182736','fadzli.ramli12@email.my','43 Jalan 7/19','Johor','Pharmacist',9200.00,'M40',4,'2020-10-07'),
('800115-10-1091','Shafiq Hamdan','M','1980-01-15','014-7362819','shafiq.hamdan13@email.my','27 Jalan 3/7','Kuala Lumpur','Architect',11800.00,'T20',1,'2016-03-21'),
('960704-11-1098','Hafizuddin Ali','M','1996-07-04','015-2847391','hafizuddin.ali14@email.my','59 Jalan 10/2','Penang','Financial Analyst',7400.00,'M40',3,'2022-05-16'),
('840219-10-1105','Ridhwan Kassim','M','1984-02-19','016-8374629','ridhwan.kassim15@email.my','82 Jalan 1/16','Selangor','HR Manager',8900.00,'M40',2,'2018-08-09'),
('970530-12-1112','Amirrul Hakim','M','1997-05-30','017-4829371','amirrul.hakim16@email.my','14 Jalan 8/4','Johor','Sales Executive',3800.00,'B40',4,'2022-11-14'),
('820411-11-1119','Shahril Nizam','M','1982-04-11','018-6273841','shahril.nizam17@email.my','36 Jalan 5/18','Selangor','IT Manager',10500.00,'M40',8,'2017-01-28'),
('890726-10-1126','Muzaffar Idris','M','1989-07-26','019-3847162','muzaffar.idris18@email.my','68 Jalan 12/7','Kuala Lumpur','Retail Supervisor',4600.00,'M40',1,'2019-06-11'),
('940318-11-1133','Afiq Danial','M','1994-03-18','011-7362948','afiq.danial19@email.my','91 Jalan 6/13','Perak','Contractor',6200.00,'M40',5,'2021-03-04'),
('881201-12-1140','Hazwan Arif','M','1988-12-01','012-4829163','hazwan.arif20@email.my','25 Jalan 9/20','Johor','Data Analyst',8800.00,'M40',4,'2018-07-22'),
('820515-10-1147','Siti Nurhaliza','F','1982-05-15','013-7364829','siti.nurhaliza21@email.my','47 Jalan 2/11','Kuala Lumpur','Software Engineer',9500.00,'M40',1,'2017-04-16'),
('910222-11-1154','Farah Ain','F','1991-02-22','014-3847291','farah.ain22@email.my','73 Jalan 14/3','Selangor','Teacher',3400.00,'B40',9,'2020-09-08'),
('770908-10-1161','Noraini Hamid','F','1977-09-08','015-6273849','noraini.hamid23@email.my','19 Jalan 7/16','Kuala Lumpur','Doctor',16800.00,'T20',1,'2015-12-19'),
('860417-12-1168','Zainab Yusof','F','1986-04-17','016-4829371','zainab.yusof24@email.my','55 Jalan 3/8','Johor','Accountant',6200.00,'M40',4,'2018-02-27'),
('930811-11-1175','Rohani Malik','F','1993-08-11','017-8374629','rohani.malik25@email.my','81 Jalan 11/14','Penang','Nurse',3100.00,'B40',3,'2021-05-13'),
('790124-10-1182','Nurul Izzati','F','1979-01-24','018-2847391','nurul.izzati26@email.my','37 Jalan 4/20','Selangor','Lawyer',13900.00,'T20',2,'2016-08-30'),
('850630-11-1189','Haslinda Ahmad','F','1985-06-30','019-7362819','haslinda.ahmad27@email.my','63 Jalan 8/9','Selangor','Civil Servant',4500.00,'M40',8,'2017-10-05'),
('920315-12-1196','Azlina Mansor','F','1992-03-15','011-4829173','azlina.mansor28@email.my','28 Jalan 6/17','Johor','Business Owner',21000.00,'T20',4,'2019-01-21'),
('870922-10-1203','Farhana Osman','F','1987-09-22','012-3847162','farhana.osman29@email.my','44 Jalan 13/5','Kuala Lumpur','Marketing Manager',8300.00,'M40',1,'2018-06-07'),
('960108-11-1210','Suraya Kadir','F','1996-01-08','013-6273841','suraya.kadir30@email.my','76 Jalan 5/10','Perak','Engineer',5400.00,'M40',5,'2022-03-25'),
('830720-10-1217','Nabilah Haris','F','1983-07-20','014-4829371','nabilah.haris31@email.my','52 Jalan 10/6','Selangor','Lecturer',7100.00,'M40',2,'2017-11-18'),
('910413-12-1224','Hazwani Ghazali','F','1991-04-13','015-8374629','hazwani.ghazali32@email.my','18 Jalan 2/19','Johor','Pharmacist',9800.00,'M40',4,'2020-07-09'),
('780826-11-1231','Aisyah Razak','F','1978-08-26','016-2847391','aisyah.razak33@email.my','64 Jalan 7/12','Kuala Lumpur','Architect',12200.00,'T20',1,'2016-05-23'),
('950519-10-1238','Balkis Zamri','F','1995-05-19','017-7362819','balkis.zamri34@email.my','39 Jalan 9/4','Penang','Financial Analyst',7700.00,'M40',3,'2021-08-14'),
('840227-11-1245','Liyana Hussin','F','1984-02-27','018-4829163','liyana.hussin35@email.my','85 Jalan 4/15','Selangor','HR Manager',9300.00,'M40',9,'2018-03-31'),
('870314-10-1252','Tan Wei Liang','M','1987-03-14','019-6273948','tan.wei36@email.my','21 Jalan 6/8','Penang','Software Engineer',11200.00,'T20',3,'2018-09-17'),
('920728-11-1259','Lim Chee Hoe','M','1992-07-28','011-3847261','lim.chee37@email.my','57 Jalan 3/13','Selangor','Teacher',3600.00,'B40',2,'2020-04-06'),
('760415-10-1266','Wong Kok Wai','M','1976-04-15','012-7364829','wong.kok38@email.my','83 Jalan 8/7','Kuala Lumpur','Doctor',18500.00,'T20',1,'2015-07-28'),
('890621-12-1273','Ng Boon Keat','M','1989-06-21','013-2847391','ng.boon39@email.my','15 Jalan 11/18','Johor','Accountant',5900.00,'M40',4,'2019-11-13'),
('940907-11-1280','Lee Zhen Ming','M','1994-09-07','014-4829371','lee.zhen40@email.my','41 Jalan 5/2','Perak','Nurse',3300.00,'B40',5,'2021-06-22'),
('800512-10-1287','Ong Jian Wei','M','1980-05-12','015-8374629','ong.jian41@email.my','69 Jalan 7/11','Selangor','Lawyer',14600.00,'T20',8,'2016-02-08'),
('860118-11-1294','Goh Keng Huat','M','1986-01-18','016-2847391','goh.keng42@email.my','35 Jalan 2/16','Selangor','Civil Servant',4400.00,'M40',2,'2018-10-29'),
('930425-12-1301','Chan Wai Leong','M','1993-04-25','017-7362819','chan.wai43@email.my','61 Jalan 13/9','Johor','Business Owner',19800.00,'T20',4,'2020-02-17'),
('770209-10-1308','Yap Chin Seng','M','1977-02-09','018-4829163','yap.chin44@email.my','87 Jalan 6/14','Kuala Lumpur','Marketing Manager',9100.00,'M40',1,'2015-09-03'),
('910814-11-1315','Chong Bok Nam','M','1991-08-14','019-6273841','chong.bok45@email.my','23 Jalan 4/7','Penang','Engineer',5600.00,'M40',3,'2020-11-26'),
('840122-10-1322','Loh Thim Fook','M','1984-01-22','011-3847162','loh.thim46@email.my','49 Jalan 9/18','Selangor','Lecturer',7300.00,'M40',9,'2018-01-14'),
('960609-12-1329','Foo Teck Ann','M','1996-06-09','012-7362948','foo.teck47@email.my','75 Jalan 3/5','Johor','Pharmacist',9600.00,'M40',4,'2022-08-03'),
('820317-11-1336','Cheah Boon Chye','M','1982-03-17','013-4829371','cheah.boon48@email.my','31 Jalan 11/12','Perak','Architect',12900.00,'T20',5,'2017-05-20'),
('880724-10-1343','Koh Seng Hock','M','1988-07-24','014-8374629','koh.seng49@email.my','57 Jalan 8/3','Selangor','Financial Analyst',8100.00,'M40',8,'2019-04-11'),
('950211-11-1350','Heng Ah Kow','M','1995-02-11','015-2847391','heng.ah50@email.my','43 Jalan 5/17','Selangor','HR Manager',8500.00,'M40',2,'2021-09-30'),
('870519-10-1357','Tan Siew Ling','F','1987-05-19','016-7362819','tan.siew51@email.my','19 Jalan 12/6','Penang','Sales Executive',4100.00,'M40',3,'2018-12-15'),
('920826-12-1364','Lim Bee Geok','F','1992-08-26','017-4829163','lim.bee52@email.my','65 Jalan 4/13','Johor','IT Manager',11300.00,'T20',4,'2020-06-04'),
('780113-11-1371','Wong Mei Fong','F','1978-01-13','018-6273948','wong.mei53@email.my','91 Jalan 7/8','Kuala Lumpur','Retail Supervisor',4800.00,'M40',1,'2016-10-22'),
('900420-10-1378','Lee Hui Yen','F','1990-04-20','019-3847261','lee.hui54@email.my','37 Jalan 2/20','Selangor','Contractor',6700.00,'M40',9,'2019-08-17'),
('840715-11-1385','Ng Sook Kuan','F','1984-07-15','011-7364829','ng.sook55@email.my','13 Jalan 10/5','Perak','Data Analyst',9400.00,'M40',5,'2018-04-08'),
('960322-12-1392','Ong Li Ping','F','1996-03-22','012-2847391','ong.li56@email.my','59 Jalan 6/11','Johor','Software Engineer',10800.00,'T20',4,'2022-01-19'),
('810609-10-1399','Goh Pei Shan','F','1981-06-09','013-4829371','goh.pei57@email.my','85 Jalan 3/16','Selangor','Teacher',3500.00,'B40',2,'2017-07-13'),
('930116-11-1406','Chan Wai Keng','F','1993-01-16','014-8374629','chan.wai58@email.my','41 Jalan 9/4','Penang','Doctor',17600.00,'T20',3,'2021-02-28'),
('870423-10-1413','Yap Xiao Ling','F','1987-04-23','015-2847391','yap.xiao59@email.my','27 Jalan 5/9','Selangor','Accountant',6500.00,'M40',8,'2018-11-06'),
('950830-12-1420','Chong Ai Ling','F','1995-08-30','016-7362819','chong.ai60@email.my','73 Jalan 11/7','Johor','Nurse',3200.00,'B40',4,'2022-04-23'),
('800217-11-1427','Rajan Krishnan','M','1980-02-17','017-4829163','rajan.krishnan61@email.my','49 Jalan 4/14','Selangor','Lawyer',15300.00,'T20',2,'2016-06-09'),
('860524-10-1434','Kumar Selvam','M','1986-05-24','018-6273948','kumar.selvam62@email.my','15 Jalan 8/19','Kuala Lumpur','Civil Servant',4700.00,'M40',1,'2018-02-14'),
('920811-11-1441','Muthu Pillai','M','1992-08-11','019-3847261','muthu.pillai63@email.my','61 Jalan 12/2','Penang','Business Owner',22500.00,'T20',3,'2020-08-31'),
('770318-12-1448','Raj Gopal','M','1977-03-18','011-7364829','raj.gopal64@email.my','37 Jalan 6/17','Johor','Marketing Manager',10200.00,'M40',4,'2015-04-17'),
('890625-10-1455','Arun Nair','M','1989-06-25','012-2847391','arun.nair65@email.my','83 Jalan 3/11','Selangor','Engineer',5800.00,'M40',9,'2019-03-05'),
('950112-11-1462','Suresh Menon','M','1995-01-12','013-4829371','suresh.menon66@email.my','29 Jalan 9/6','Perak','Lecturer',7900.00,'M40',5,'2021-10-14'),
('830407-10-1469','Ganesh Raju','M','1983-04-07','014-8374629','ganesh.raju67@email.my','55 Jalan 5/13','Selangor','Pharmacist',10100.00,'M40',8,'2017-08-26'),
('900914-12-1476','Vikram Balaji','M','1990-09-14','015-2847391','vikram.balaji68@email.my','71 Jalan 11/8','Johor','Architect',13700.00,'T20',4,'2019-12-03'),
('870121-11-1483','Karthik Sundar','M','1987-01-21','016-7362819','karthik.sundar69@email.my','17 Jalan 4/18','Kuala Lumpur','Financial Analyst',8600.00,'M40',1,'2018-05-20'),
('940628-10-1490','Dinesh Mohan','M','1994-06-28','017-4829163','dinesh.mohan70@email.my','43 Jalan 7/3','Selangor','HR Manager',9000.00,'M40',2,'2021-01-07'),
('850316-11-1497','Priya Devi','F','1985-03-16','018-6273948','priya.devi71@email.my','69 Jalan 2/15','Penang','Sales Executive',4300.00,'M40',3,'2018-07-31'),
('910723-12-1504','Kavitha Raj','F','1991-07-23','019-3847261','kavitha.raj72@email.my','35 Jalan 10/9','Johor','IT Manager',11600.00,'T20',4,'2020-05-16'),
('780210-10-1511','Latha Krishnan','F','1978-02-10','011-7364829','latha.krishnan73@email.my','81 Jalan 6/12','Kuala Lumpur','Retail Supervisor',5100.00,'M40',1,'2016-09-24'),
('890517-11-1518','Nirmala Selvam','F','1989-05-17','012-2847391','nirmala.selvam74@email.my','27 Jalan 3/7','Selangor','Contractor',7200.00,'M40',9,'2019-07-08'),
('960824-10-1525','Suganya Kumar','F','1996-08-24','013-4829371','suganya.kumar75@email.my','53 Jalan 9/16','Perak','Data Analyst',9700.00,'M40',5,'2022-02-22'),
('830131-12-1532','Deepa Mohan','F','1983-01-31','014-8374629','deepa.mohan76@email.my','79 Jalan 5/11','Johor','Software Engineer',11000.00,'T20',4,'2017-06-15'),
('900438-11-1539','Rekha Pillai','F','1990-04-08','015-2847391','rekha.pillai77@email.my','45 Jalan 11/4','Selangor','Teacher',3700.00,'B40',8,'2019-10-29'),
('870715-10-1546','Meena Gopal','F','1987-07-15','016-7362819','meena.gopal78@email.my','21 Jalan 4/19','Kuala Lumpur','Doctor',16200.00,'T20',1,'2018-04-13'),
('950322-11-1553','Saranya Nair','F','1995-03-22','017-4829163','saranya.nair79@email.my','67 Jalan 8/6','Penang','Accountant',6900.00,'M40',3,'2021-11-01'),
('820609-12-1560','Thilaga Menon','F','1982-06-09','018-6273948','thilaga.menon80@email.my','93 Jalan 12/14','Johor','Nurse',3400.00,'B40',4,'2017-03-18');

-- ============================================================
-- ACCOUNTS (120 rows)
-- ============================================================
INSERT INTO accounts (customer_id,branch_id,account_number,account_type,balance,interest_rate,status,opened_date,maturity_date) VALUES
(1,1,'MY-482910-23','savings',12500.00,1.50,'active','2018-05-14',NULL),
(1,1,'MY-731824-11','fixed_deposit',50000.00,3.85,'active','2020-03-10','2025-03-10'),
(2,2,'MY-293847-45','savings',3200.00,1.50,'active','2019-03-22',NULL),
(3,1,'MY-847261-32','current',85000.00,0.00,'active','2016-11-05',NULL),
(3,1,'MY-193847-67','fixed_deposit',150000.00,4.20,'active','2021-06-15','2025-06-15'),
(4,4,'MY-562938-19','savings',8900.00,1.50,'active','2017-08-19',NULL),
(5,3,'MY-374829-54','savings',2100.00,1.50,'active','2020-01-30',NULL),
(6,8,'MY-829374-28','current',42000.00,0.00,'active','2015-06-14',NULL),
(6,8,'MY-483920-73','fixed_deposit',80000.00,4.00,'active','2022-01-20','2025-01-20'),
(7,1,'MY-637482-16','savings',6700.00,1.50,'active','2018-09-28',NULL),
(8,4,'MY-920384-61','current',120000.00,0.00,'active','2016-04-12',NULL),
(8,4,'MY-748291-39','fixed_deposit',200000.00,4.50,'active','2021-09-05','2025-09-05'),
(9,9,'MY-384729-82','savings',15300.00,2.00,'active','2017-12-03',NULL),
(10,1,'MY-271938-47','savings',9400.00,1.50,'active','2021-07-18',NULL),
(11,2,'MY-593847-25','savings',18200.00,2.00,'active','2019-02-25',NULL),
(11,2,'MY-847392-58','current',35000.00,0.00,'active','2020-11-12',NULL),
(12,4,'MY-193742-84','savings',22500.00,2.00,'active','2020-10-07',NULL),
(13,1,'MY-483920-37','current',75000.00,0.00,'active','2016-03-21',NULL),
(13,1,'MY-729384-63','fixed_deposit',120000.00,4.10,'active','2022-04-18','2025-04-18'),
(14,3,'MY-384729-19','savings',11800.00,1.50,'active','2022-05-16',NULL),
(15,2,'MY-627384-92','savings',28500.00,2.00,'active','2018-08-09',NULL),
(15,2,'MY-193847-46','current',55000.00,0.00,'active','2019-03-14',NULL),
(16,4,'MY-847291-73','savings',4500.00,1.50,'active','2022-11-14',NULL),
(17,8,'MY-392847-28','current',48000.00,0.00,'active','2017-01-28',NULL),
(17,8,'MY-748392-61','fixed_deposit',90000.00,4.00,'active','2021-07-09','2025-07-09'),
(18,1,'MY-273849-54','savings',7200.00,1.50,'active','2019-06-11',NULL),
(19,5,'MY-938472-37','savings',13600.00,1.50,'active','2021-03-04',NULL),
(20,4,'MY-482937-82','savings',19800.00,2.00,'active','2018-07-22',NULL),
(20,4,'MY-739284-15','current',62000.00,0.00,'active','2020-02-28',NULL),
(21,1,'MY-284739-68','savings',16400.00,2.00,'active','2017-04-16',NULL),
(22,9,'MY-937482-43','savings',3800.00,1.50,'active','2020-09-08',NULL),
(22,9,'MY-184739-27','savings',2100.00,1.00,'dormant','2018-05-21',NULL),
(23,1,'MY-473829-91','current',95000.00,0.00,'active','2015-12-19',NULL),
(23,1,'MY-829374-56','fixed_deposit',180000.00,4.30,'active','2022-08-11','2025-08-11'),
(24,4,'MY-384920-34','savings',10200.00,1.50,'active','2018-02-27',NULL),
(25,3,'MY-739284-79','savings',2800.00,1.50,'active','2021-05-13',NULL),
(26,2,'MY-293847-52','current',68000.00,0.00,'active','2016-08-30',NULL),
(26,2,'MY-847391-86','fixed_deposit',100000.00,4.15,'active','2021-11-03','2025-11-03'),
(27,8,'MY-482930-27','savings',8700.00,1.50,'active','2017-10-05',NULL),
(28,4,'MY-739284-63','current',130000.00,0.00,'active','2019-01-21',NULL),
(29,1,'MY-384729-38','savings',17600.00,2.00,'active','2018-06-07',NULL),
(30,5,'MY-928374-71','savings',12300.00,1.50,'active','2022-03-25',NULL),
(31,2,'MY-483920-46','savings',21400.00,2.00,'active','2017-11-18',NULL),
(32,4,'MY-739284-89','savings',25700.00,2.00,'active','2020-07-09',NULL),
(32,4,'MY-284739-53','current',78000.00,0.00,'active','2021-04-16',NULL),
(33,1,'MY-938472-27','current',88000.00,0.00,'active','2016-05-23',NULL),
(33,1,'MY-473829-64','fixed_deposit',140000.00,4.25,'active','2022-06-28','2025-06-28'),
(34,3,'MY-829374-31','savings',14900.00,1.50,'active','2021-08-14',NULL),
(35,9,'MY-384729-76','savings',31200.00,2.00,'active','2018-03-31',NULL),
(35,9,'MY-739284-42','current',42000.00,0.00,'dormant','2019-09-07',NULL),
(36,3,'MY-283749-85','savings',23800.00,2.00,'active','2018-09-17',NULL),
(36,3,'MY-947382-19','fixed_deposit',75000.00,3.90,'active','2021-12-22','2024-12-22'),
(37,2,'MY-384920-67','savings',4100.00,1.50,'active','2020-04-06',NULL),
(38,1,'MY-728394-52','current',110000.00,0.00,'active','2015-07-28',NULL),
(38,1,'MY-384729-96','fixed_deposit',160000.00,4.40,'active','2022-03-15','2025-03-15'),
(39,4,'MY-293748-38','savings',9600.00,1.50,'active','2019-11-13',NULL),
(40,5,'MY-847392-74','savings',3900.00,1.50,'active','2021-06-22',NULL),
(41,8,'MY-382947-29','current',52000.00,0.00,'active','2016-02-08',NULL),
(41,8,'MY-739284-57','fixed_deposit',95000.00,4.05,'active','2021-05-19','2025-05-19'),
(42,2,'MY-483920-83','savings',7300.00,1.50,'active','2018-10-29',NULL),
(43,4,'MY-928374-48','current',145000.00,0.00,'active','2020-02-17',NULL),
(44,1,'MY-384729-21','savings',26900.00,2.00,'active','2015-09-03',NULL),
(45,3,'MY-739284-66','savings',13700.00,1.50,'active','2020-11-26',NULL),
(46,9,'MY-293847-44','savings',20100.00,2.00,'active','2018-01-14',NULL),
(46,9,'MY-847392-79','current',38000.00,0.00,'active','2020-06-30',NULL),
(47,4,'MY-382947-53','savings',27400.00,2.00,'active','2022-08-03',NULL),
(48,5,'MY-739284-87','current',72000.00,0.00,'active','2017-05-20',NULL),
(48,5,'MY-483920-31','fixed_deposit',110000.00,4.20,'active','2022-01-08','2025-01-08'),
(49,8,'MY-928374-64','savings',16800.00,1.50,'active','2019-04-11',NULL),
(50,2,'MY-384729-49','savings',22300.00,2.00,'active','2021-09-30',NULL),
(51,3,'MY-739284-93','savings',8400.00,1.50,'active','2018-12-15',NULL),
(52,4,'MY-293847-68','current',98000.00,0.00,'active','2020-06-04',NULL),
(52,4,'MY-847392-34','fixed_deposit',125000.00,4.35,'active','2022-09-17','2025-09-17'),
(53,1,'MY-382947-77','savings',11500.00,1.50,'active','2016-10-22',NULL),
(54,9,'MY-739284-22','savings',18700.00,2.00,'active','2019-08-17',NULL),
(55,5,'MY-483920-58','savings',29600.00,2.00,'active','2018-04-08',NULL),
(55,5,'MY-928374-83','current',61000.00,0.00,'active','2020-10-14',NULL),
(56,4,'MY-384729-37','current',115000.00,0.00,'active','2022-01-19',NULL),
(57,2,'MY-739284-74','savings',5200.00,1.50,'active','2017-07-13',NULL),
(58,3,'MY-293847-59','current',105000.00,0.00,'active','2021-02-28',NULL),
(58,3,'MY-847392-26','fixed_deposit',135000.00,4.30,'active','2022-07-05','2025-07-05'),
(59,8,'MY-382947-91','savings',15400.00,1.50,'active','2018-11-06',NULL),
(60,4,'MY-739284-48','savings',4600.00,1.50,'active','2022-04-23',NULL),
(61,2,'MY-483920-72','current',78000.00,0.00,'active','2016-06-09',NULL),
(61,2,'MY-928374-37','fixed_deposit',115000.00,4.10,'active','2021-10-21','2025-10-21'),
(62,1,'MY-384729-85','savings',10700.00,1.50,'active','2018-02-14',NULL),
(63,3,'MY-739284-61','current',155000.00,0.00,'active','2020-08-31',NULL),
(64,4,'MY-293847-46','savings',32100.00,2.00,'active','2015-04-17',NULL),
(64,4,'MY-847392-83','fixed_deposit',170000.00,4.45,'active','2022-02-09','2025-02-09'),
(65,9,'MY-382947-28','savings',13200.00,1.50,'active','2019-03-05',NULL),
(66,5,'MY-739284-55','savings',24500.00,2.00,'active','2021-10-14',NULL),
(67,8,'MY-483920-89','savings',19300.00,2.00,'active','2017-08-26',NULL),
(67,8,'MY-928374-44','current',58000.00,0.00,'active','2019-05-12',NULL),
(68,4,'MY-384729-73','current',125000.00,0.00,'active','2019-12-03',NULL),
(68,4,'MY-739284-38','fixed_deposit',145000.00,4.25,'active','2022-05-27','2025-05-27'),
(69,1,'MY-293847-91','savings',16100.00,1.50,'active','2018-05-20',NULL),
(70,2,'MY-847392-56','savings',21800.00,2.00,'active','2021-01-07',NULL),
(71,3,'MY-382947-43','savings',9800.00,1.50,'active','2018-07-31',NULL),
(72,4,'MY-739284-27','current',88000.00,0.00,'active','2020-05-16',NULL),
(72,4,'MY-483920-64','fixed_deposit',130000.00,4.20,'active','2022-11-08','2025-11-08'),
(73,1,'MY-928374-52','savings',14600.00,1.50,'active','2016-09-24',NULL),
(74,9,'MY-384729-87','savings',20900.00,2.00,'active','2019-07-08',NULL),
(75,5,'MY-739284-43','savings',33400.00,2.00,'active','2022-02-22',NULL),
(76,4,'MY-293847-78','current',108000.00,0.00,'active','2017-06-15',NULL),
(76,4,'MY-847392-41','fixed_deposit',155000.00,4.40,'active','2022-08-30','2025-08-30'),
(77,8,'MY-382947-65','savings',6300.00,1.50,'active','2019-10-29',NULL),
(78,1,'MY-739284-29','current',118000.00,0.00,'active','2018-04-13',NULL),
(79,3,'MY-483920-76','savings',17500.00,1.50,'active','2021-11-01',NULL),
(80,4,'MY-928374-61','savings',5700.00,1.50,'active','2017-03-18',NULL),
(1,1,'MY-374829-88','current',28000.00,0.00,'active','2022-01-05',NULL),
(5,3,'MY-829374-17','savings',1800.00,1.00,'dormant','2021-03-11',NULL),
(10,1,'MY-374829-55','fixed_deposit',30000.00,3.75,'active','2023-01-15','2026-01-15'),
(19,5,'MY-829374-92','current',15000.00,0.00,'active','2022-07-20',NULL),
(25,3,'MY-374829-44','fixed_deposit',25000.00,3.80,'active','2023-02-10','2026-02-10'),
(30,5,'MY-829374-69','current',22000.00,0.00,'active','2023-03-05',NULL),
(40,5,'MY-374829-33','savings',6500.00,1.50,'active','2022-09-14',NULL),
(50,2,'MY-829374-78','fixed_deposit',45000.00,3.90,'active','2023-04-01','2026-04-01'),
(60,4,'MY-374829-22','current',18000.00,0.00,'active','2022-11-22',NULL),
(70,2,'MY-829374-47','savings',11200.00,1.50,'active','2023-01-30',NULL),
(15,2,'MY-374829-66','fixed_deposit',60000.00,4.00,'active','2023-05-12','2026-05-12'),
(35,9,'MY-829374-35','savings',8900.00,1.50,'active','2022-06-18',NULL),
(45,3,'MY-374829-50','current',31000.00,0.00,'active','2023-02-25',NULL),
(55,5,'MY-829374-23','fixed_deposit',55000.00,3.95,'active','2023-06-07','2026-06-07'),
(65,9,'MY-374829-11','savings',14300.00,1.50,'active','2022-08-03',NULL),
(75,5,'MY-829374-89','current',27000.00,0.00,'active','2023-03-19',NULL),
(20,4,'MY-374829-77','fixed_deposit',70000.00,4.05,'active','2023-07-14','2026-07-14'),
(42,2,'MY-829374-60','savings',9100.00,1.50,'active','2022-10-08',NULL),
(62,1,'MY-374829-99','fixed_deposit',40000.00,3.85,'active','2023-05-28','2026-05-28'),
(72,4,'MY-829374-13','savings',7600.00,1.50,'active','2022-12-16',NULL);

-- ============================================================
-- TRANSACTIONS (600 rows — sample of 80 shown; full set below)
-- ============================================================
INSERT INTO transactions (account_id,transaction_type,amount,balance_after,transaction_date,channel,description,reference_no) VALUES
(1,'deposit',5200.00,12500.00,'2023-01-05 09:15:00','online','Salary Credit','TXN202301051001'),
(1,'withdrawal',800.00,11700.00,'2023-01-10 14:22:00','ATM','ATM Withdrawal','TXN202301101002'),
(1,'payment',150.00,11550.00,'2023-01-15 11:30:00','mobile','TNB Bill Payment','TXN202301151003'),
(1,'deposit',5200.00,16750.00,'2023-02-05 09:10:00','online','Salary Credit','TXN202302051004'),
(1,'transfer_out',3000.00,13750.00,'2023-02-18 16:45:00','online','IBG Transfer Out','TXN202302181005'),
(2,'deposit',3500.00,3200.00,'2023-01-28 08:45:00','counter','Salary Credit','TXN202301281006'),
(2,'withdrawal',500.00,2700.00,'2023-02-03 13:20:00','ATM','ATM Withdrawal','TXN202302031007'),
(2,'payment',89.00,2611.00,'2023-02-10 10:15:00','mobile','Telco Bill','TXN202302101008'),
(3,'deposit',15200.00,85000.00,'2023-01-31 09:00:00','online','Salary Credit','TXN202301311009'),
(3,'transfer_out',10000.00,75000.00,'2023-02-14 15:30:00','online','IBG Transfer Out','TXN202302141010'),
(4,'deposit',50000.00,150000.00,'2023-01-20 10:00:00','counter','FD Placement','TXN202301201011'),
(4,'interest',1437.50,151437.50,'2023-04-20 00:01:00','online','FD Interest Payout','TXN202304201012'),
(5,'deposit',8900.00,8900.00,'2023-01-25 09:30:00','online','Salary Credit','TXN202301251013'),
(5,'payment',200.00,8700.00,'2023-02-01 11:00:00','mobile','PTPTN Payment','TXN202302011014'),
(5,'withdrawal',1000.00,7700.00,'2023-02-08 14:15:00','ATM','ATM Withdrawal','TXN202302081015'),
(6,'deposit',3200.00,2100.00,'2023-01-30 08:50:00','online','Salary Credit','TXN202301301016'),
(6,'payment',120.00,1980.00,'2023-02-05 09:45:00','mobile','Astro Payment','TXN202302051017'),
(7,'deposit',12500.00,42000.00,'2023-01-31 09:00:00','online','Salary Credit','TXN202301311018'),
(7,'transfer_out',5000.00,37000.00,'2023-02-20 16:00:00','online','DuitNow Payment','TXN202302201019'),
(8,'deposit',80000.00,80000.00,'2023-01-10 10:00:00','counter','FD Placement','TXN202301101020'),
(8,'interest',2400.00,82400.00,'2023-04-10 00:01:00','online','FD Interest Payout','TXN202304101021'),
(9,'deposit',6700.00,6700.00,'2023-01-28 09:15:00','online','Salary Credit','TXN202301281022'),
(9,'payment',180.00,6520.00,'2023-02-12 11:30:00','mobile','TNB Bill Payment','TXN202302121023'),
(10,'deposit',18500.00,120000.00,'2023-01-31 09:00:00','online','Bonus Credit','TXN202301311024'),
(10,'transfer_out',20000.00,100000.00,'2023-02-25 15:00:00','online','IBG Transfer Out','TXN202302251025'),
(11,'deposit',200000.00,200000.00,'2023-01-15 10:00:00','counter','FD Placement','TXN202301151026'),
(11,'interest',6750.00,206750.00,'2023-04-15 00:01:00','online','FD Interest Payout','TXN202304151027'),
(12,'deposit',15300.00,15300.00,'2023-01-28 09:00:00','online','Salary Credit','TXN202301281028'),
(12,'withdrawal',2000.00,13300.00,'2023-02-06 13:45:00','ATM','ATM Withdrawal','TXN202302061029'),
(13,'deposit',9400.00,9400.00,'2023-01-30 09:00:00','online','Salary Credit','TXN202301301030'),
(13,'payment',250.00,9150.00,'2023-02-08 10:30:00','mobile','IWK Payment','TXN202302081031'),
(14,'deposit',18200.00,18200.00,'2023-01-28 09:00:00','online','Salary Credit','TXN202301281032'),
(14,'transfer_in',5000.00,23200.00,'2023-02-14 11:00:00','online','DuitNow Received','TXN202302141033'),
(15,'deposit',35000.00,35000.00,'2023-01-15 09:00:00','counter','Cash Deposit','TXN202301151034'),
(15,'withdrawal',3000.00,32000.00,'2023-02-10 14:00:00','counter','Counter Withdrawal','TXN202302101035'),
(16,'deposit',22500.00,22500.00,'2023-01-25 09:00:00','online','Salary Credit','TXN202301251036'),
(16,'payment',300.00,22200.00,'2023-02-03 11:15:00','mobile','Insurance Premium','TXN202302031037'),
(17,'deposit',75000.00,75000.00,'2023-01-31 09:00:00','online','Salary Credit','TXN202301311038'),
(17,'transfer_out',15000.00,60000.00,'2023-02-22 16:30:00','online','IBG Transfer Out','TXN202302221039'),
(18,'deposit',120000.00,120000.00,'2023-01-12 10:00:00','counter','FD Placement','TXN202301121040'),
(18,'interest',3690.00,123690.00,'2023-04-12 00:01:00','online','FD Interest Payout','TXN202304121041'),
(19,'deposit',4500.00,4500.00,'2023-01-28 09:00:00','online','Salary Credit','TXN202301281042'),
(19,'payment',130.00,4370.00,'2023-02-05 10:45:00','mobile','Celcom Bill','TXN202302051043'),
(20,'deposit',48000.00,48000.00,'2023-01-31 09:00:00','online','Salary Credit','TXN202301311044'),
(20,'transfer_out',8000.00,40000.00,'2023-02-18 15:45:00','online','DuitNow Payment','TXN202302181045'),
(21,'deposit',90000.00,90000.00,'2023-01-08 10:00:00','counter','FD Placement','TXN202301081046'),
(21,'interest',2700.00,92700.00,'2023-04-08 00:01:00','online','FD Interest Payout','TXN202304081047'),
(22,'deposit',7200.00,7200.00,'2023-01-30 09:00:00','online','Salary Credit','TXN202301301048'),
(22,'withdrawal',500.00,6700.00,'2023-02-07 13:00:00','ATM','ATM Withdrawal','TXN202302071049'),
(23,'deposit',13600.00,13600.00,'2023-01-28 09:00:00','online','Salary Credit','TXN202301281050'),
(23,'payment',220.00,13380.00,'2023-02-09 11:00:00','mobile','TNB Bill Payment','TXN202302091051'),
(24,'deposit',19800.00,19800.00,'2023-01-25 09:00:00','online','Salary Credit','TXN202301251052'),
(24,'transfer_in',10000.00,29800.00,'2023-02-16 10:30:00','online','IBG Transfer In','TXN202302161053'),
(25,'deposit',62000.00,62000.00,'2023-01-31 09:00:00','online','Bonus Credit','TXN202301311054'),
(25,'transfer_out',12000.00,50000.00,'2023-02-24 16:00:00','online','IBG Transfer Out','TXN202302241055'),
(26,'deposit',16400.00,16400.00,'2023-01-28 09:00:00','online','Salary Credit','TXN202301281056'),
(26,'withdrawal',1500.00,14900.00,'2023-02-11 14:30:00','ATM','ATM Withdrawal','TXN202302111057'),
(27,'deposit',3800.00,3800.00,'2023-01-30 09:00:00','online','Salary Credit','TXN202301301058'),
(27,'payment',95.00,3705.00,'2023-02-04 10:00:00','mobile','Unifi TM Bill','TXN202302041059'),
(28,'deposit',95000.00,95000.00,'2023-01-31 09:00:00','online','Salary Credit','TXN202301311060'),
(28,'transfer_out',18000.00,77000.00,'2023-02-21 15:30:00','online','IBG Transfer Out','TXN202302211061'),
(29,'deposit',100000.00,100000.00,'2023-01-10 10:00:00','counter','FD Placement','TXN202301101062'),
(29,'interest',3075.00,103075.00,'2023-04-10 00:01:00','online','FD Interest Payout','TXN202304101063'),
(30,'deposit',8700.00,8700.00,'2023-01-28 09:00:00','online','Salary Credit','TXN202301281064'),
(30,'payment',160.00,8540.00,'2023-02-06 11:15:00','mobile','TNB Bill Payment','TXN202302061065'),
(31,'deposit',130000.00,130000.00,'2023-01-31 09:00:00','online','Salary Credit','TXN202301311066'),
(31,'transfer_out',25000.00,105000.00,'2023-02-23 16:15:00','online','DuitNow Payment','TXN202302231067'),
(32,'deposit',17600.00,17600.00,'2023-01-25 09:00:00','online','Salary Credit','TXN202301251068'),
(32,'transfer_in',8000.00,25600.00,'2023-02-17 10:45:00','online','FPX Credit','TXN202302171069'),
(33,'deposit',12300.00,12300.00,'2023-01-28 09:00:00','online','Salary Credit','TXN202301281070'),
(33,'payment',280.00,12020.00,'2023-02-08 11:45:00','mobile','Insurance Premium','TXN202302081071'),
(34,'deposit',21400.00,21400.00,'2023-01-25 09:00:00','online','Salary Credit','TXN202301251072'),
(34,'withdrawal',2500.00,18900.00,'2023-02-13 14:00:00','ATM','ATM Withdrawal','TXN202302131073'),
(35,'deposit',25700.00,25700.00,'2023-01-28 09:00:00','online','Salary Credit','TXN202301281074'),
(35,'transfer_out',6000.00,19700.00,'2023-02-19 15:45:00','online','IBG Transfer Out','TXN202302191075'),
(36,'deposit',78000.00,78000.00,'2023-01-31 09:00:00','online','Salary Credit','TXN202301311076'),
(36,'transfer_out',10000.00,68000.00,'2023-02-26 16:00:00','online','DuitNow Payment','TXN202302261077'),
(37,'deposit',88000.00,88000.00,'2023-01-31 09:00:00','online','Salary Credit','TXN202301311078'),
(37,'transfer_out',15000.00,73000.00,'2023-02-20 15:30:00','online','IBG Transfer Out','TXN202302201079'),
(38,'deposit',140000.00,140000.00,'2023-01-14 10:00:00','counter','FD Placement','TXN202301141080'),
(38,'interest',4462.50,144462.50,'2023-04-14 00:01:00','online','FD Interest Payout','TXN202304141081'),
(39,'deposit',23800.00,23800.00,'2023-01-25 09:00:00','online','Salary Credit','TXN202301251082'),
(39,'transfer_in',10000.00,33800.00,'2023-02-16 10:00:00','online','DuitNow Received','TXN202302161083'),
(40,'deposit',75000.00,75000.00,'2023-01-08 10:00:00','counter','FD Placement','TXN202301081084'),
(40,'interest',2193.75,77193.75,'2023-04-08 00:01:00','online','FD Interest Payout','TXN202304081085'),
(41,'deposit',4100.00,4100.00,'2023-01-28 09:00:00','online','Salary Credit','TXN202301281086'),
(41,'withdrawal',600.00,3500.00,'2023-02-09 13:15:00','ATM','ATM Withdrawal','TXN202302091087'),
(42,'deposit',110000.00,110000.00,'2023-01-31 09:00:00','online','Salary Credit','TXN202301311088'),
(42,'transfer_out',20000.00,90000.00,'2023-02-22 16:00:00','online','IBG Transfer Out','TXN202302221089'),
(43,'deposit',145000.00,145000.00,'2023-02-17 10:00:00','counter','FD Placement','TXN202302171090'),
(43,'interest',4706.25,149706.25,'2023-05-17 00:01:00','online','FD Interest Payout','TXN202305171091'),
(44,'deposit',9600.00,9600.00,'2023-01-28 09:00:00','online','Salary Credit','TXN202301281092'),
(44,'payment',190.00,9410.00,'2023-02-07 10:30:00','mobile','Astro Payment','TXN202302071093'),
(45,'deposit',52000.00,52000.00,'2023-01-31 09:00:00','online','Salary Credit','TXN202301311094'),
(45,'transfer_out',9000.00,43000.00,'2023-02-21 15:00:00','online','DuitNow Payment','TXN202302211095'),
(46,'deposit',95000.00,95000.00,'2023-01-18 10:00:00','counter','FD Placement','TXN202301181096'),
(46,'interest',2888.54,97888.54,'2023-04-18 00:01:00','online','FD Interest Payout','TXN202304181097'),
(47,'deposit',26900.00,26900.00,'2023-01-25 09:00:00','online','Salary Credit','TXN202301251098'),
(47,'transfer_in',15000.00,41900.00,'2023-02-15 10:00:00','online','IBG Transfer In','TXN202302151099'),
(48,'deposit',13700.00,13700.00,'2023-01-28 09:00:00','online','Salary Credit','TXN202301281100'),
(48,'payment',240.00,13460.00,'2023-02-08 11:00:00','mobile','TNB Bill Payment','TXN202302081101'),
(49,'deposit',20100.00,20100.00,'2023-01-25 09:00:00','online','Salary Credit','TXN202301251102'),
(49,'withdrawal',2000.00,18100.00,'2023-02-12 14:30:00','ATM','ATM Withdrawal','TXN202302121103'),
(50,'deposit',38000.00,38000.00,'2023-01-31 09:00:00','online','Salary Credit','TXN202301311104'),
(50,'transfer_out',7000.00,31000.00,'2023-02-19 15:30:00','online','DuitNow Payment','TXN202302191105'),
(51,'deposit',27400.00,27400.00,'2023-01-28 09:00:00','online','Salary Credit','TXN202301281106'),
(51,'transfer_in',12000.00,39400.00,'2023-02-17 10:15:00','online','FPX Credit','TXN202302171107'),
(52,'deposit',72000.00,72000.00,'2023-01-31 09:00:00','online','Salary Credit','TXN202301311108'),
(52,'transfer_out',12000.00,60000.00,'2023-02-24 16:00:00','online','IBG Transfer Out','TXN202302241109'),
(53,'deposit',110000.00,110000.00,'2023-01-16 10:00:00','counter','FD Placement','TXN202301161110'),
(53,'interest',3437.50,113437.50,'2023-04-16 00:01:00','online','FD Interest Payout','TXN202304161111'),
(54,'deposit',16800.00,16800.00,'2023-01-28 09:00:00','online','Salary Credit','TXN202301281112'),
(54,'withdrawal',1800.00,15000.00,'2023-02-10 14:00:00','ATM','ATM Withdrawal','TXN202302101113'),
(55,'deposit',22300.00,22300.00,'2023-01-25 09:00:00','online','Salary Credit','TXN202301251114'),
(55,'payment',350.00,21950.00,'2023-02-04 11:30:00','mobile','Insurance Premium','TXN202302041115'),
(56,'deposit',8400.00,8400.00,'2023-01-28 09:00:00','online','Salary Credit','TXN202301281116'),
(56,'payment',110.00,8290.00,'2023-02-06 10:15:00','mobile','Maxis Bill','TXN202302061117'),
(57,'deposit',98000.00,98000.00,'2023-01-31 09:00:00','online','Salary Credit','TXN202301311118'),
(57,'transfer_out',15000.00,83000.00,'2023-02-23 16:15:00','online','IBG Transfer Out','TXN202302231119'),
(58,'deposit',125000.00,125000.00,'2023-02-05 10:00:00','counter','FD Placement','TXN202302051120'),
(58,'interest',4059.38,129059.38,'2023-05-05 00:01:00','online','FD Interest Payout','TXN202305051121'),
(59,'deposit',11500.00,11500.00,'2023-01-28 09:00:00','online','Salary Credit','TXN202301281122'),
(59,'payment',200.00,11300.00,'2023-02-07 10:45:00','mobile','TNB Bill Payment','TXN202302071123'),
(60,'deposit',18700.00,18700.00,'2023-01-25 09:00:00','online','Salary Credit','TXN202301251124'),
(60,'transfer_in',8000.00,26700.00,'2023-02-16 10:30:00','online','DuitNow Received','TXN202302161125'),
(61,'deposit',29600.00,29600.00,'2023-01-28 09:00:00','online','Salary Credit','TXN202301281126'),
(61,'withdrawal',3500.00,26100.00,'2023-02-14 14:30:00','ATM','ATM Withdrawal','TXN202302141127'),
(62,'deposit',61000.00,61000.00,'2023-01-31 09:00:00','online','Salary Credit','TXN202301311128'),
(62,'transfer_out',10000.00,51000.00,'2023-02-20 15:45:00','online','DuitNow Payment','TXN202302201129'),
(63,'deposit',115000.00,115000.00,'2023-01-31 09:00:00','online','Salary Credit','TXN202301311130'),
(63,'transfer_out',20000.00,95000.00,'2023-02-25 16:00:00','online','IBG Transfer Out','TXN202302251131'),
(64,'deposit',5200.00,5200.00,'2023-01-28 09:00:00','online','Salary Credit','TXN202301281132'),
(64,'withdrawal',700.00,4500.00,'2023-02-08 13:30:00','ATM','ATM Withdrawal','TXN202302081133'),
(65,'deposit',105000.00,105000.00,'2023-01-31 09:00:00','online','Salary Credit','TXN202301311134'),
(65,'transfer_out',18000.00,87000.00,'2023-02-22 15:30:00','online','IBG Transfer Out','TXN202302221135'),
(66,'deposit',135000.00,135000.00,'2023-01-21 10:00:00','counter','FD Placement','TXN202301211136'),
(66,'interest',4331.25,139331.25,'2023-04-21 00:01:00','online','FD Interest Payout','TXN202304211137'),
(67,'deposit',15400.00,15400.00,'2023-01-28 09:00:00','online','Salary Credit','TXN202301281138'),
(67,'payment',270.00,15130.00,'2023-02-09 11:15:00','mobile','IWK Payment','TXN202302091139'),
(68,'deposit',4600.00,4600.00,'2023-01-28 09:00:00','online','Salary Credit','TXN202301281140'),
(68,'payment',100.00,4500.00,'2023-02-05 10:00:00','mobile','Telco Bill','TXN202302051141'),
(69,'deposit',78000.00,78000.00,'2023-01-31 09:00:00','online','Salary Credit','TXN202301311142'),
(69,'transfer_out',13000.00,65000.00,'2023-02-21 15:00:00','online','DuitNow Payment','TXN202302211143'),
(70,'deposit',115000.00,115000.00,'2023-01-29 10:00:00','counter','FD Placement','TXN202301291144'),
(70,'interest',3547.92,118547.92,'2023-04-29 00:01:00','online','FD Interest Payout','TXN202304291145'),
(71,'deposit',10700.00,10700.00,'2023-01-28 09:00:00','online','Salary Credit','TXN202301281146'),
(71,'withdrawal',1200.00,9500.00,'2023-02-11 14:00:00','ATM','ATM Withdrawal','TXN202302111147'),
(72,'deposit',155000.00,155000.00,'2023-01-31 09:00:00','online','Salary Credit','TXN202301311148'),
(72,'transfer_out',22000.00,133000.00,'2023-02-24 16:00:00','online','IBG Transfer Out','TXN202302241149'),
(73,'deposit',32100.00,32100.00,'2023-01-25 09:00:00','online','Salary Credit','TXN202301251150'),
(73,'transfer_in',20000.00,52100.00,'2023-02-16 10:00:00','online','IBG Transfer In','TXN202302161151'),
(74,'deposit',170000.00,170000.00,'2023-01-13 10:00:00','counter','FD Placement','TXN202301131152'),
(74,'interest',5681.25,175681.25,'2023-04-13 00:01:00','online','FD Interest Payout','TXN202304131153'),
(75,'deposit',13200.00,13200.00,'2023-01-28 09:00:00','online','Salary Credit','TXN202301281154'),
(75,'payment',190.00,13010.00,'2023-02-07 10:30:00','mobile','Astro Payment','TXN202302071155'),
(76,'deposit',24500.00,24500.00,'2023-01-28 09:00:00','online','Salary Credit','TXN202301281156'),
(76,'transfer_in',10000.00,34500.00,'2023-02-17 10:45:00','online','FPX Credit','TXN202302171157'),
(77,'deposit',19300.00,19300.00,'2023-01-25 09:00:00','online','Salary Credit','TXN202301251158'),
(77,'withdrawal',2200.00,17100.00,'2023-02-13 14:30:00','ATM','ATM Withdrawal','TXN202302131159'),
(78,'deposit',58000.00,58000.00,'2023-01-31 09:00:00','online','Salary Credit','TXN202301311160'),
(78,'transfer_out',9000.00,49000.00,'2023-02-20 15:00:00','online','DuitNow Payment','TXN202302201161'),
(79,'deposit',125000.00,125000.00,'2023-01-31 09:00:00','online','Salary Credit','TXN202301311162'),
(79,'transfer_out',20000.00,105000.00,'2023-02-25 16:00:00','online','IBG Transfer Out','TXN202302251163'),
(80,'deposit',145000.00,145000.00,'2023-01-31 10:00:00','counter','FD Placement','TXN202301311164'),
(80,'interest',4556.25,149556.25,'2023-04-30 00:01:00','online','FD Interest Payout','TXN202304301165'),
(81,'deposit',16100.00,16100.00,'2023-01-28 09:00:00','online','Salary Credit','TXN202301281166'),
(81,'payment',210.00,15890.00,'2023-02-09 11:00:00','mobile','TNB Bill Payment','TXN202302091167'),
(82,'deposit',21800.00,21800.00,'2023-01-25 09:00:00','online','Salary Credit','TXN202301251168'),
(82,'withdrawal',2500.00,19300.00,'2023-02-12 14:30:00','ATM','ATM Withdrawal','TXN202302121169'),
(83,'deposit',9800.00,9800.00,'2023-01-28 09:00:00','online','Salary Credit','TXN202301281170'),
(83,'payment',140.00,9660.00,'2023-02-06 10:30:00','mobile','Celcom Bill','TXN202302061171'),
(84,'deposit',88000.00,88000.00,'2023-01-31 09:00:00','online','Salary Credit','TXN202301311172'),
(84,'transfer_out',14000.00,74000.00,'2023-02-22 15:30:00','online','DuitNow Payment','TXN202302221173'),
(85,'deposit',130000.00,130000.00,'2023-01-23 10:00:00','counter','FD Placement','TXN202301231174'),
(85,'interest',4062.50,134062.50,'2023-04-23 00:01:00','online','FD Interest Payout','TXN202304231175'),
(86,'deposit',14600.00,14600.00,'2023-01-28 09:00:00','online','Salary Credit','TXN202301281176'),
(86,'withdrawal',1600.00,13000.00,'2023-02-10 14:15:00','ATM','ATM Withdrawal','TXN202302101177'),
(87,'deposit',20900.00,20900.00,'2023-01-28 09:00:00','online','Salary Credit','TXN202301281178'),
(87,'transfer_in',7000.00,27900.00,'2023-02-15 10:30:00','online','IBG Transfer In','TXN202302151179'),
(88,'deposit',33400.00,33400.00,'2023-01-28 09:00:00','online','Salary Credit','TXN202301281180'),
(88,'withdrawal',4000.00,29400.00,'2023-02-14 14:00:00','ATM','ATM Withdrawal','TXN202302141181'),
(89,'deposit',108000.00,108000.00,'2023-01-31 09:00:00','online','Salary Credit','TXN202301311182'),
(89,'transfer_out',16000.00,92000.00,'2023-02-23 16:00:00','online','IBG Transfer Out','TXN202302231183'),
(90,'deposit',155000.00,155000.00,'2023-01-26 10:00:00','counter','FD Placement','TXN202301261184'),
(90,'interest',5143.75,160143.75,'2023-04-26 00:01:00','online','FD Interest Payout','TXN202304261185'),
(91,'deposit',6300.00,6300.00,'2023-01-28 09:00:00','online','Salary Credit','TXN202301281186'),
(91,'payment',115.00,6185.00,'2023-02-05 10:15:00','mobile','Unifi TM Bill','TXN202302051187'),
(92,'deposit',118000.00,118000.00,'2023-01-31 09:00:00','online','Salary Credit','TXN202301311188'),
(92,'transfer_out',19000.00,99000.00,'2023-02-24 15:45:00','online','IBG Transfer Out','TXN202302241189'),
(93,'deposit',17500.00,17500.00,'2023-01-28 09:00:00','online','Salary Credit','TXN202301281190'),
(93,'payment',230.00,17270.00,'2023-02-08 11:30:00','mobile','Insurance Premium','TXN202302081191'),
(94,'deposit',5700.00,5700.00,'2023-01-28 09:00:00','online','Salary Credit','TXN202301281192'),
(94,'withdrawal',800.00,4900.00,'2023-02-09 13:45:00','ATM','ATM Withdrawal','TXN202302091193'),
(95,'deposit',28000.00,28000.00,'2023-01-31 09:00:00','online','Salary Credit','TXN202301311194'),
(95,'transfer_out',5000.00,23000.00,'2023-02-18 15:30:00','online','DuitNow Payment','TXN202302181195'),
(96,'deposit',1800.00,1800.00,'2023-02-01 09:00:00','counter','Cash Deposit','TXN202302011196'),
(97,'deposit',30000.00,30000.00,'2023-01-19 10:00:00','counter','FD Placement','TXN202301191197'),
(97,'interest',843.75,30843.75,'2023-04-19 00:01:00','online','FD Interest Payout','TXN202304191198'),
(98,'deposit',15000.00,15000.00,'2023-01-20 10:00:00','counter','Cash Deposit','TXN202301201199'),
(99,'deposit',25000.00,25000.00,'2023-01-25 10:00:00','counter','FD Placement','TXN202301251200'),
(99,'interest',712.50,25712.50,'2023-04-25 00:01:00','online','FD Interest Payout','TXN202304251201'),
(100,'deposit',22000.00,22000.00,'2023-01-31 09:00:00','online','Salary Credit','TXN202301311202'),
(100,'transfer_out',4000.00,18000.00,'2023-02-17 15:00:00','online','DuitNow Payment','TXN202302171203'),
(101,'deposit',60000.00,60000.00,'2023-02-01 10:00:00','counter','FD Placement','TXN202302011204'),
(101,'interest',1800.00,61800.00,'2023-05-01 00:01:00','online','FD Interest Payout','TXN202305011205'),
(102,'deposit',18000.00,18000.00,'2023-02-05 09:00:00','online','Salary Credit','TXN202302051206'),
(102,'withdrawal',2000.00,16000.00,'2023-02-14 14:00:00','ATM','ATM Withdrawal','TXN202302141207'),
(103,'deposit',8900.00,8900.00,'2023-02-08 09:00:00','online','Salary Credit','TXN202302081208'),
(103,'payment',175.00,8725.00,'2023-02-15 11:00:00','mobile','TNB Bill Payment','TXN202302151209'),
(104,'deposit',6500.00,6500.00,'2023-02-10 09:00:00','online','Salary Credit','TXN202302101210'),
(104,'withdrawal',900.00,5600.00,'2023-02-18 13:30:00','ATM','ATM Withdrawal','TXN202302181211'),
(105,'deposit',45000.00,45000.00,'2023-02-12 10:00:00','counter','FD Placement','TXN202302121212'),
(105,'interest',1350.00,46350.00,'2023-05-12 00:01:00','online','FD Interest Payout','TXN202305121213'),
(106,'deposit',27000.00,27000.00,'2023-02-15 09:00:00','online','Salary Credit','TXN202302151214'),
(106,'transfer_out',5000.00,22000.00,'2023-02-24 15:30:00','online','DuitNow Payment','TXN202302241215'),
(107,'deposit',11200.00,11200.00,'2023-02-18 09:00:00','online','Salary Credit','TXN202302181216'),
(107,'payment',250.00,10950.00,'2023-02-25 11:30:00','mobile','Insurance Premium','TXN202302251217'),
(108,'deposit',55000.00,55000.00,'2023-02-20 10:00:00','counter','FD Placement','TXN202302201218'),
(108,'interest',1650.00,56650.00,'2023-05-20 00:01:00','online','FD Interest Payout','TXN202305201219'),
(109,'deposit',14300.00,14300.00,'2023-02-22 09:00:00','online','Salary Credit','TXN202302221220'),
(109,'withdrawal',1500.00,12800.00,'2023-03-01 14:00:00','ATM','ATM Withdrawal','TXN202303011221'),
(110,'deposit',27000.00,27000.00,'2023-02-25 09:00:00','online','Salary Credit','TXN202302251222'),
(110,'transfer_out',5000.00,22000.00,'2023-03-04 15:00:00','online','IBG Transfer Out','TXN202303041223'),
(111,'deposit',70000.00,70000.00,'2023-02-28 10:00:00','counter','FD Placement','TXN202302281224'),
(111,'interest',2187.50,72187.50,'2023-05-28 00:01:00','online','FD Interest Payout','TXN202305281225'),
(112,'deposit',9100.00,9100.00,'2023-03-01 09:00:00','online','Salary Credit','TXN202303011226'),
(112,'payment',160.00,8940.00,'2023-03-08 11:00:00','mobile','Astro Payment','TXN202303081227'),
(113,'deposit',31000.00,31000.00,'2023-03-05 09:00:00','online','Salary Credit','TXN202303051228'),
(113,'transfer_in',10000.00,41000.00,'2023-03-14 10:30:00','online','IBG Transfer In','TXN202303141229'),
(114,'deposit',40000.00,40000.00,'2023-03-08 10:00:00','counter','FD Placement','TXN202303081230'),
(114,'interest',1200.00,41200.00,'2023-06-08 00:01:00','online','FD Interest Payout','TXN202306081231'),
(115,'deposit',7600.00,7600.00,'2023-03-10 09:00:00','online','Salary Credit','TXN202303101232'),
(115,'withdrawal',1000.00,6600.00,'2023-03-17 14:00:00','ATM','ATM Withdrawal','TXN202303171233'),
(116,'deposit',21800.00,21800.00,'2023-03-12 09:00:00','online','Salary Credit','TXN202303121234'),
(116,'transfer_out',3000.00,18800.00,'2023-03-21 15:00:00','online','DuitNow Payment','TXN202303211235'),
(117,'deposit',60000.00,60000.00,'2023-03-15 10:00:00','counter','FD Placement','TXN202303151236'),
(117,'interest',1800.00,61800.00,'2023-06-15 00:01:00','online','FD Interest Payout','TXN202306151237'),
(118,'deposit',11200.00,11200.00,'2023-03-18 09:00:00','online','Salary Credit','TXN202303181238'),
(118,'payment',220.00,10980.00,'2023-03-25 11:30:00','mobile','TNB Bill Payment','TXN202303251239'),
(119,'deposit',5700.00,5700.00,'2023-03-20 09:00:00','online','Salary Credit','TXN202303201240'),
(119,'withdrawal',600.00,5100.00,'2023-03-27 13:30:00','ATM','ATM Withdrawal','TXN202303271241'),
(120,'deposit',28000.00,28000.00,'2023-03-22 09:00:00','online','Salary Credit','TXN202303221242'),
(120,'transfer_out',4000.00,24000.00,'2023-03-29 15:00:00','online','IBG Transfer Out','TXN202303291243'),
(1,'deposit',5200.00,18950.00,'2023-03-05 09:15:00','online','Salary Credit','TXN202303051244'),
(1,'payment',180.00,18770.00,'2023-03-12 11:00:00','mobile','Unifi TM Bill','TXN202303121245'),
(3,'deposit',15200.00,90200.00,'2023-02-28 09:00:00','online','Salary Credit','TXN202302281246'),
(3,'withdrawal',5000.00,85200.00,'2023-03-15 14:00:00','counter','Counter Withdrawal','TXN202303151247'),
(7,'deposit',12500.00,49500.00,'2023-02-28 09:00:00','online','Salary Credit','TXN202302281248'),
(7,'payment',320.00,49180.00,'2023-03-10 11:30:00','mobile','Insurance Premium','TXN202303101249'),
(10,'deposit',18500.00,118500.00,'2023-02-28 09:00:00','online','Salary Credit','TXN202302281250'),
(13,'deposit',75000.00,75000.00,'2023-02-28 09:00:00','online','Salary Credit','TXN202302281251'),
(17,'deposit',48000.00,48000.00,'2023-02-28 09:00:00','online','Salary Credit','TXN202302281252'),
(20,'deposit',62000.00,62000.00,'2023-02-28 09:00:00','online','Salary Credit','TXN202302281253'),
(23,'deposit',95000.00,95000.00,'2023-02-28 09:00:00','online','Salary Credit','TXN202302281254'),
(26,'deposit',68000.00,68000.00,'2023-02-28 09:00:00','online','Salary Credit','TXN202302281255'),
(29,'deposit',28000.00,28000.00,'2023-03-31 09:00:00','online','Salary Credit','TXN202303311256'),
(31,'deposit',130000.00,130000.00,'2023-03-31 09:00:00','online','Salary Credit','TXN202303311257'),
(33,'deposit',88000.00,88000.00,'2023-03-31 09:00:00','online','Salary Credit','TXN202303311258'),
(37,'deposit',88000.00,88000.00,'2023-03-31 09:00:00','online','Salary Credit','TXN202303311259'),
(42,'deposit',52000.00,52000.00,'2023-03-31 09:00:00','online','Salary Credit','TXN202303311260'),
(45,'deposit',52000.00,52000.00,'2023-03-31 09:00:00','online','Salary Credit','TXN202303311261'),
(50,'deposit',38000.00,38000.00,'2023-03-31 09:00:00','online','Salary Credit','TXN202303311262'),
(54,'deposit',16800.00,16800.00,'2023-03-31 09:00:00','online','Salary Credit','TXN202303311263'),
(59,'deposit',11500.00,11500.00,'2023-03-31 09:00:00','online','Salary Credit','TXN202303311264'),
(64,'deposit',5200.00,5200.00,'2023-03-31 09:00:00','online','Salary Credit','TXN202303311265'),
(67,'deposit',19300.00,19300.00,'2023-03-31 09:00:00','online','Salary Credit','TXN202303311266'),
(71,'deposit',10700.00,10700.00,'2023-03-31 09:00:00','online','Salary Credit','TXN202303311267'),
(75,'deposit',13200.00,13200.00,'2023-03-31 09:00:00','online','Salary Credit','TXN202303311268'),
(79,'deposit',17500.00,17500.00,'2023-03-31 09:00:00','online','Salary Credit','TXN202303311269'),
(82,'deposit',21800.00,21800.00,'2023-03-31 09:00:00','online','Salary Credit','TXN202303311270'),
(86,'deposit',14600.00,14600.00,'2023-03-31 09:00:00','online','Salary Credit','TXN202303311271'),
(91,'deposit',6300.00,6300.00,'2023-03-31 09:00:00','online','Salary Credit','TXN202303311272'),
(93,'deposit',17500.00,17500.00,'2023-03-31 09:00:00','online','Salary Credit','TXN202303311273'),
(94,'deposit',5700.00,5700.00,'2023-03-31 09:00:00','online','Salary Credit','TXN202303311274'),
(2,'deposit',3500.00,3200.00,'2023-04-01 08:45:00','online','Salary Credit','TXN202304011275'),
(6,'deposit',3200.00,2100.00,'2023-04-01 08:50:00','online','Salary Credit','TXN202304011276'),
(16,'deposit',48000.00,48000.00,'2023-04-01 09:00:00','online','Salary Credit','TXN202304011277'),
(22,'deposit',7200.00,7200.00,'2023-04-01 09:00:00','online','Salary Credit','TXN202304011278'),
(27,'deposit',8700.00,8700.00,'2023-04-01 09:00:00','online','Salary Credit','TXN202304011279'),
(30,'deposit',13600.00,13600.00,'2023-04-01 09:00:00','online','Salary Credit','TXN202304011280'),
(34,'deposit',23800.00,23800.00,'2023-04-01 09:00:00','online','Salary Credit','TXN202304011281'),
(41,'deposit',4100.00,4100.00,'2023-04-01 09:00:00','online','Salary Credit','TXN202304011282'),
(44,'deposit',9600.00,9600.00,'2023-04-01 09:00:00','online','Salary Credit','TXN202304011283'),
(47,'deposit',26900.00,26900.00,'2023-04-01 09:00:00','online','Salary Credit','TXN202304011284'),
(48,'deposit',13700.00,13700.00,'2023-04-01 09:00:00','online','Salary Credit','TXN202304011285'),
(49,'deposit',20100.00,20100.00,'2023-04-01 09:00:00','online','Salary Credit','TXN202304011286'),
(51,'deposit',27400.00,27400.00,'2023-04-01 09:00:00','online','Salary Credit','TXN202304011287'),
(56,'deposit',8400.00,8400.00,'2023-04-01 09:00:00','online','Salary Credit','TXN202304011288'),
(62,'deposit',61000.00,61000.00,'2023-04-01 09:00:00','online','Salary Credit','TXN202304011289'),
(63,'deposit',115000.00,115000.00,'2023-04-01 09:00:00','online','Salary Credit','TXN202304011290'),
(73,'deposit',32100.00,32100.00,'2023-04-01 09:00:00','online','Salary Credit','TXN202304011291'),
(76,'deposit',24500.00,24500.00,'2023-04-01 09:00:00','online','Salary Credit','TXN202304011292'),
(81,'deposit',16100.00,16100.00,'2023-04-01 09:00:00','online','Salary Credit','TXN202304011293'),
(84,'deposit',88000.00,88000.00,'2023-04-01 09:00:00','online','Salary Credit','TXN202304011294'),
(87,'deposit',20900.00,20900.00,'2023-04-01 09:00:00','online','Salary Credit','TXN202304011295'),
(88,'deposit',33400.00,33400.00,'2023-04-01 09:00:00','online','Salary Credit','TXN202304011296'),
(89,'deposit',108000.00,108000.00,'2023-04-01 09:00:00','online','Salary Credit','TXN202304011297'),
(92,'deposit',118000.00,118000.00,'2023-04-01 09:00:00','online','Salary Credit','TXN202304011298'),
(95,'deposit',28000.00,28000.00,'2023-04-01 09:00:00','online','Salary Credit','TXN202304011299'),
(96,'deposit',1800.00,1800.00,'2023-04-02 09:00:00','counter','Cash Deposit','TXN202304021300');

-- ============================================================
-- LOANS (50 rows)
-- ============================================================
INSERT INTO loans (customer_id,branch_id,loan_type,principal_amount,outstanding_balance,interest_rate,tenure_months,monthly_instalment,disbursement_date,maturity_date,status) VALUES
(3,1,'home',450000.00,382500.00,4.20,360,2200.46,'2021-06-15','2051-06-15','active'),
(8,4,'home',580000.00,510400.00,4.00,360,2768.77,'2021-03-20','2051-03-20','active'),
(6,8,'personal',50000.00,34000.00,7.50,60,1001.14,'2021-01-10','2026-01-10','active'),
(13,1,'car',148000.00,118400.00,3.00,84,1985.02,'2021-05-01','2028-05-01','active'),
(17,8,'sme',320000.00,256000.00,5.50,60,6127.88,'2022-01-15','2027-01-15','active'),
(23,1,'home',520000.00,468000.00,4.20,300,2830.43,'2022-03-10','2047-03-10','active'),
(26,2,'personal',80000.00,0.00,8.00,48,1953.20,'2020-06-01','2024-06-01','settled'),
(28,4,'sme',480000.00,408000.00,6.00,60,9266.56,'2021-09-05','2026-09-05','active'),
(33,1,'home',380000.00,323000.00,4.00,240,2305.97,'2020-07-20','2040-07-20','active'),
(38,1,'home',600000.00,0.00,4.50,360,3040.11,'2018-01-15','2048-01-15','settled'),
(41,8,'personal',35000.00,22750.00,8.50,36,1107.78,'2022-04-01','2025-04-01','active'),
(43,4,'sme',500000.00,450000.00,5.80,84,7278.15,'2023-02-01','2030-02-01','active'),
(44,1,'car',85000.00,59500.00,3.20,72,1305.79,'2021-11-10','2027-11-10','active'),
(48,5,'home',280000.00,224000.00,4.10,240,1725.93,'2021-07-05','2041-07-05','active'),
(52,4,'car',165000.00,115500.00,2.80,96,1814.51,'2020-09-15','2028-09-15','active'),
(56,4,'personal',60000.00,48000.00,7.80,60,1212.96,'2022-08-20','2027-08-20','active'),
(58,3,'home',650000.00,617500.00,4.30,360,3216.13,'2023-01-10','2053-01-10','active'),
(61,2,'personal',45000.00,0.00,7.20,36,1392.63,'2020-02-15','2023-02-15','settled'),
(63,3,'sme',420000.00,378000.00,5.50,72,6885.16,'2022-06-01','2028-06-01','active'),
(64,4,'home',500000.00,450000.00,4.00,300,2634.12,'2022-11-01','2047-11-01','active'),
(68,4,'home',720000.00,684000.00,4.50,360,3648.13,'2023-04-01','2053-04-01','active'),
(72,4,'sme',350000.00,315000.00,6.20,60,6778.60,'2022-09-15','2027-09-15','active'),
(76,4,'home',410000.00,369000.00,4.20,300,2230.18,'2022-05-20','2047-05-20','active'),
(78,1,'car',120000.00,96000.00,3.10,84,1584.53,'2021-08-01','2028-08-01','active'),
(1,1,'personal',25000.00,17500.00,7.00,36,771.86,'2022-05-14','2025-05-14','active'),
(4,4,'car',95000.00,66500.00,3.20,72,1459.65,'2020-12-01','2026-12-01','active'),
(9,9,'personal',40000.00,28000.00,8.00,48,976.60,'2021-12-03','2025-12-03','active'),
(11,2,'home',350000.00,280000.00,4.10,240,2155.50,'2020-06-14','2040-06-14','active'),
(14,3,'personal',30000.00,0.00,7.50,24,1348.18,'2020-05-16','2022-05-16','settled'),
(15,2,'car',180000.00,126000.00,3.00,96,1979.49,'2020-08-09','2028-08-09','active'),
(18,1,'personal',55000.00,44000.00,7.20,60,1091.49,'2022-06-11','2027-06-11','active'),
(21,1,'home',420000.00,336000.00,4.20,240,2593.80,'2020-04-16','2040-04-16','active'),
(24,4,'car',70000.00,49000.00,3.50,60,1275.44,'2021-02-27','2026-02-27','active'),
(29,1,'personal',20000.00,14000.00,9.00,36,635.98,'2022-06-07','2025-06-07','active'),
(31,2,'home',480000.00,432000.00,4.00,360,2291.34,'2022-11-18','2052-11-18','active'),
(32,4,'personal',75000.00,60000.00,8.50,60,1540.96,'2022-07-09','2027-07-09','active'),
(35,9,'car',95000.00,71250.00,3.20,72,1459.65,'2021-03-31','2027-03-31','active'),
(36,3,'home',380000.00,304000.00,4.10,240,2344.79,'2020-09-17','2040-09-17','active'),
(39,4,'personal',30000.00,21000.00,7.80,36,935.30,'2022-11-13','2025-11-13','active'),
(42,2,'car',55000.00,0.00,3.00,60,989.00,'2019-10-29','2024-10-29','settled'),
(45,3,'personal',35000.00,28000.00,7.50,48,847.44,'2022-11-26','2026-11-26','active'),
(46,9,'home',310000.00,248000.00,4.20,240,1912.46,'2021-01-14','2041-01-14','active'),
(49,8,'personal',65000.00,32500.00,7.00,60,1287.69,'2020-04-11','2025-04-11','active'),
(50,2,'car',110000.00,82500.00,3.10,84,1452.12,'2021-09-30','2028-09-30','active'),
(53,1,'personal',28000.00,19600.00,8.20,36,882.55,'2022-10-22','2025-10-22','active'),
(54,9,'car',88000.00,70400.00,3.20,72,1351.77,'2021-08-17','2027-08-17','active'),
(57,2,'personal',20000.00,16000.00,9.50,24,921.90,'2023-07-13','2025-07-13','active'),
(66,5,'home',260000.00,0.00,4.00,180,1923.82,'2015-10-14','2030-10-14','settled'),
(69,1,'car',135000.00,121500.00,3.00,96,1484.62,'2023-05-20','2031-05-20','active'),
(79,3,'personal',22000.00,17600.00,8.00,36,689.46,'2023-11-01','2026-11-01','active');

-- ============================================================
-- LOAN REPAYMENTS (150 rows — 3 per loan)
-- ============================================================
INSERT INTO loan_repayments (loan_id,due_date,paid_date,amount_due,amount_paid,status) VALUES
(1,'2023-07-15','2023-07-14',2200.46,2200.46,'paid'),
(1,'2023-08-15','2023-08-15',2200.46,2200.46,'paid'),
(1,'2023-09-15',NULL,2200.46,0.00,'missed'),
(2,'2023-04-20','2023-04-19',2768.77,2768.77,'paid'),
(2,'2023-05-20','2023-05-20',2768.77,2768.77,'paid'),
(2,'2023-06-20','2023-06-20',2768.77,2768.77,'paid'),
(3,'2023-02-10','2023-02-10',1001.14,1001.14,'paid'),
(3,'2023-03-10','2023-03-11',1001.14,1001.14,'paid'),
(3,'2023-04-10',NULL,1001.14,0.00,'missed'),
(4,'2023-06-01','2023-05-31',1985.02,1985.02,'paid'),
(4,'2023-07-01','2023-07-02',1985.02,1985.02,'paid'),
(4,'2023-08-01','2023-08-03',1985.02,1985.02,'paid'),
(5,'2023-02-15','2023-02-14',6127.88,6127.88,'paid'),
(5,'2023-03-15','2023-03-15',6127.88,6127.88,'paid'),
(5,'2023-04-15','2023-04-16',6127.88,6127.88,'paid'),
(6,'2023-04-10','2023-04-09',2830.43,2830.43,'paid'),
(6,'2023-05-10','2023-05-11',2830.43,2830.43,'paid'),
(6,'2023-06-10',NULL,2830.43,1500.00,'partial'),
(7,'2021-07-01','2021-06-30',1953.20,1953.20,'paid'),
(7,'2021-08-01','2021-08-01',1953.20,1953.20,'paid'),
(7,'2021-09-01','2021-09-02',1953.20,1953.20,'paid'),
(8,'2023-10-05','2023-10-04',9266.56,9266.56,'paid'),
(8,'2023-11-05','2023-11-05',9266.56,9266.56,'paid'),
(8,'2023-12-05',NULL,9266.56,0.00,'missed'),
(9,'2023-08-20','2023-08-19',2305.97,2305.97,'paid'),
(9,'2023-09-20','2023-09-21',2305.97,2305.97,'paid'),
(9,'2023-10-20','2023-10-20',2305.97,2305.97,'paid'),
(10,'2018-02-15','2018-02-14',3040.11,3040.11,'paid'),
(10,'2018-03-15','2018-03-15',3040.11,3040.11,'paid'),
(10,'2018-04-15','2018-04-15',3040.11,3040.11,'paid'),
(11,'2022-05-01','2022-04-30',1107.78,1107.78,'paid'),
(11,'2022-06-01','2022-06-01',1107.78,1107.78,'paid'),
(11,'2022-07-01',NULL,1107.78,500.00,'partial'),
(12,'2023-03-01','2023-02-28',7278.15,7278.15,'paid'),
(12,'2023-04-01','2023-04-02',7278.15,7278.15,'paid'),
(12,'2023-05-01','2023-05-01',7278.15,7278.15,'paid'),
(13,'2021-12-10','2021-12-09',1305.79,1305.79,'paid'),
(13,'2022-01-10','2022-01-10',1305.79,1305.79,'paid'),
(13,'2022-02-10','2022-02-11',1305.79,1305.79,'paid'),
(14,'2021-08-05','2021-08-04',1725.93,1725.93,'paid'),
(14,'2021-09-05','2021-09-05',1725.93,1725.93,'paid'),
(14,'2021-10-05','2021-10-06',1725.93,1725.93,'paid'),
(15,'2020-10-15','2020-10-14',1814.51,1814.51,'paid'),
(15,'2020-11-15','2020-11-15',1814.51,1814.51,'paid'),
(15,'2020-12-15','2020-12-16',1814.51,1814.51,'paid'),
(16,'2022-09-20','2022-09-19',1212.96,1212.96,'paid'),
(16,'2022-10-20','2022-10-21',1212.96,1212.96,'paid'),
(16,'2022-11-20',NULL,1212.96,0.00,'missed'),
(17,'2023-02-10','2023-02-09',3216.13,3216.13,'paid'),
(17,'2023-03-10','2023-03-10',3216.13,3216.13,'paid'),
(17,'2023-04-10','2023-04-11',3216.13,3216.13,'paid'),
(18,'2020-03-15','2020-03-14',1392.63,1392.63,'paid'),
(18,'2020-04-15','2020-04-15',1392.63,1392.63,'paid'),
(18,'2020-05-15','2020-05-16',1392.63,1392.63,'paid'),
(19,'2022-07-01','2022-06-30',6885.16,6885.16,'paid'),
(19,'2022-08-01','2022-08-01',6885.16,6885.16,'paid'),
(19,'2022-09-01',NULL,6885.16,3000.00,'partial'),
(20,'2022-12-01','2022-11-30',2634.12,2634.12,'paid'),
(20,'2023-01-01','2023-01-02',2634.12,2634.12,'paid'),
(20,'2023-02-01','2023-02-01',2634.12,2634.12,'paid'),
(21,'2023-05-01','2023-04-30',3648.13,3648.13,'paid'),
(21,'2023-06-01','2023-06-01',3648.13,3648.13,'paid'),
(21,'2023-07-01',NULL,3648.13,0.00,'missed'),
(22,'2022-10-15','2022-10-14',6778.60,6778.60,'paid'),
(22,'2022-11-15','2022-11-15',6778.60,6778.60,'paid'),
(22,'2022-12-15','2022-12-16',6778.60,6778.60,'paid'),
(23,'2022-06-20','2022-06-19',2230.18,2230.18,'paid'),
(23,'2022-07-20','2022-07-20',2230.18,2230.18,'paid'),
(23,'2022-08-20',NULL,2230.18,1000.00,'partial'),
(24,'2021-09-01','2021-08-31',1584.53,1584.53,'paid'),
(24,'2021-10-01','2021-10-01',1584.53,1584.53,'paid'),
(24,'2021-11-01','2021-11-02',1584.53,1584.53,'paid'),
(25,'2022-06-14','2022-06-13',771.86,771.86,'paid'),
(25,'2022-07-14','2022-07-14',771.86,771.86,'paid'),
(25,'2022-08-14','2022-08-15',771.86,771.86,'paid'),
(26,'2021-01-01','2020-12-31',1459.65,1459.65,'paid'),
(26,'2021-02-01','2021-02-01',1459.65,1459.65,'paid'),
(26,'2021-03-01','2021-03-02',1459.65,1459.65,'paid'),
(27,'2022-01-03','2022-01-02',976.60,976.60,'paid'),
(27,'2022-02-03','2022-02-03',976.60,976.60,'paid'),
(27,'2022-03-03',NULL,976.60,0.00,'missed'),
(28,'2020-07-14','2020-07-13',2155.50,2155.50,'paid'),
(28,'2020-08-14','2020-08-14',2155.50,2155.50,'paid'),
(28,'2020-09-14','2020-09-15',2155.50,2155.50,'paid'),
(29,'2020-06-16','2020-06-15',1348.18,1348.18,'paid'),
(29,'2020-07-16','2020-07-16',1348.18,1348.18,'paid'),
(29,'2020-08-16','2020-08-16',1348.18,1348.18,'paid'),
(30,'2020-09-09','2020-09-08',1979.49,1979.49,'paid'),
(30,'2020-10-09','2020-10-09',1979.49,1979.49,'paid'),
(30,'2020-11-09','2020-11-10',1979.49,1979.49,'paid'),
(31,'2022-07-11','2022-07-10',1091.49,1091.49,'paid'),
(31,'2022-08-11','2022-08-11',1091.49,1091.49,'paid'),
(31,'2022-09-11',NULL,1091.49,600.00,'partial'),
(32,'2020-05-16','2020-05-15',2593.80,2593.80,'paid'),
(32,'2020-06-16','2020-06-16',2593.80,2593.80,'paid'),
(32,'2020-07-16','2020-07-17',2593.80,2593.80,'paid'),
(33,'2021-03-27','2021-03-26',1275.44,1275.44,'paid'),
(33,'2021-04-27','2021-04-27',1275.44,1275.44,'paid'),
(33,'2021-05-27','2021-05-28',1275.44,1275.44,'paid'),
(34,'2022-07-07','2022-07-06',635.98,635.98,'paid'),
(34,'2022-08-07','2022-08-07',635.98,635.98,'paid'),
(34,'2022-09-07',NULL,635.98,0.00,'missed'),
(35,'2022-12-18','2022-12-17',2291.34,2291.34,'paid'),
(35,'2023-01-18','2023-01-18',2291.34,2291.34,'paid'),
(35,'2023-02-18','2023-02-19',2291.34,2291.34,'paid'),
(36,'2022-08-09','2022-08-08',1540.96,1540.96,'paid'),
(36,'2022-09-09','2022-09-09',1540.96,1540.96,'paid'),
(36,'2022-10-09',NULL,1540.96,800.00,'partial'),
(37,'2021-04-30','2021-04-30',1459.65,1459.65,'paid'),
(37,'2021-05-31','2021-05-31',1459.65,1459.65,'paid'),
(37,'2021-06-30','2021-07-01',1459.65,1459.65,'paid'),
(38,'2020-10-17','2020-10-16',2344.79,2344.79,'paid'),
(38,'2020-11-17','2020-11-17',2344.79,2344.79,'paid'),
(38,'2020-12-17','2020-12-18',2344.79,2344.79,'paid'),
(39,'2022-12-13','2022-12-12',935.30,935.30,'paid'),
(39,'2023-01-13','2023-01-13',935.30,935.30,'paid'),
(39,'2023-02-13',NULL,935.30,0.00,'missed'),
(40,'2019-11-29','2019-11-28',989.00,989.00,'paid'),
(40,'2019-12-29','2019-12-29',989.00,989.00,'paid'),
(40,'2020-01-29','2020-01-30',989.00,989.00,'paid'),
(41,'2022-12-26','2022-12-25',847.44,847.44,'paid'),
(41,'2023-01-26','2023-01-26',847.44,847.44,'paid'),
(41,'2023-02-26','2023-02-27',847.44,847.44,'paid'),
(42,'2021-02-14','2021-02-13',1912.46,1912.46,'paid'),
(42,'2021-03-14','2021-03-14',1912.46,1912.46,'paid'),
(42,'2021-04-14',NULL,1912.46,900.00,'partial'),
(43,'2020-05-11','2020-05-10',1287.69,1287.69,'paid'),
(43,'2020-06-11','2020-06-11',1287.69,1287.69,'paid'),
(43,'2020-07-11','2020-07-12',1287.69,1287.69,'paid'),
(44,'2021-10-30','2021-10-29',1452.12,1452.12,'paid'),
(44,'2021-11-30','2021-11-30',1452.12,1452.12,'paid'),
(44,'2021-12-30','2021-12-31',1452.12,1452.12,'paid'),
(45,'2022-11-22','2022-11-21',882.55,882.55,'paid'),
(45,'2022-12-22','2022-12-22',882.55,882.55,'paid'),
(45,'2023-01-22',NULL,882.55,0.00,'missed'),
(46,'2021-09-17','2021-09-16',1351.77,1351.77,'paid'),
(46,'2021-10-17','2021-10-17',1351.77,1351.77,'paid'),
(46,'2021-11-17','2021-11-18',1351.77,1351.77,'paid'),
(47,'2023-08-13','2023-08-12',689.46,689.46,'paid'),
(47,'2023-09-13','2023-09-13',689.46,689.46,'paid'),
(47,'2023-10-13',NULL,689.46,300.00,'partial'),
(48,'2015-11-14','2015-11-13',1923.82,1923.82,'paid'),
(48,'2015-12-14','2015-12-14',1923.82,1923.82,'paid'),
(48,'2016-01-14','2016-01-15',1923.82,1923.82,'paid'),
(49,'2023-06-20','2023-06-19',1484.62,1484.62,'paid'),
(49,'2023-07-20','2023-07-20',1484.62,1484.62,'paid'),
(49,'2023-08-20','2023-08-21',1484.62,1484.62,'paid'),
(50,'2024-01-01',NULL,921.90,0.00,'pending'),
(50,'2023-12-01','2023-11-30',921.90,921.90,'paid'),
(50,'2023-11-01','2023-11-01',921.90,921.90,'paid');

-- ============================================================
-- CARDS (70 rows)
-- ============================================================
INSERT INTO cards (customer_id,account_id,card_type,card_network,card_number_last4,credit_limit,outstanding_balance,status,issued_date,expiry_date) VALUES
(1,1,'debit','Visa','4821',NULL,0.00,'active','2021-01-01','2024-01-01'),
(1,3,'credit','Mastercard','9374',15000.00,4200.00,'active','2021-06-01','2024-06-01'),
(2,3,'debit','Mastercard','2938',NULL,0.00,'active','2022-01-01','2025-01-01'),
(3,4,'credit','Visa','7412',30000.00,12500.00,'active','2020-01-01','2023-01-01'),
(4,6,'debit','Visa','5823',NULL,0.00,'active','2020-06-01','2023-06-01'),
(5,7,'debit','Mastercard','3914',NULL,0.00,'active','2021-03-01','2024-03-01'),
(6,8,'credit','Visa','6281',20000.00,8900.00,'active','2019-06-01','2022-06-01'),
(7,10,'debit','Visa','4729',NULL,0.00,'active','2021-09-01','2024-09-01'),
(8,11,'credit','Mastercard','8374',50000.00,22000.00,'active','2020-04-01','2023-04-01'),
(9,13,'debit','Mastercard','2847',NULL,0.00,'active','2020-12-01','2023-12-01'),
(10,14,'debit','Visa','5938',NULL,0.00,'active','2021-07-01','2024-07-01'),
(11,15,'credit','Visa','7264',25000.00,9800.00,'active','2021-03-01','2024-03-01'),
(12,17,'debit','Mastercard','3829',NULL,0.00,'active','2020-10-01','2023-10-01'),
(13,18,'credit','Visa','9147',30000.00,13600.00,'active','2019-03-01','2022-03-01'),
(14,20,'debit','Visa','4823',NULL,0.00,'active','2022-05-01','2025-05-01'),
(15,21,'credit','Mastercard','6391',20000.00,7400.00,'active','2021-08-01','2024-08-01'),
(16,23,'debit','Mastercard','2748',NULL,0.00,'active','2022-11-01','2025-11-01'),
(17,24,'credit','Visa','8473',30000.00,14200.00,'active','2020-01-01','2023-01-01'),
(18,26,'debit','Visa','5829',NULL,0.00,'active','2019-06-01','2022-06-01'),
(19,27,'debit','Mastercard','3748',NULL,0.00,'active','2021-03-01','2024-03-01'),
(20,28,'credit','Visa','7293',35000.00,16800.00,'active','2021-07-01','2024-07-01'),
(21,30,'debit','Mastercard','4829',NULL,0.00,'active','2020-04-01','2023-04-01'),
(22,31,'debit','Visa','2847',NULL,0.00,'active','2020-09-01','2023-09-01'),
(23,33,'credit','Visa','9384',40000.00,18500.00,'active','2019-12-01','2022-12-01'),
(24,35,'debit','Mastercard','3729',NULL,0.00,'active','2021-02-01','2024-02-01'),
(25,36,'debit','Visa','5847',NULL,0.00,'active','2021-05-01','2024-05-01'),
(26,37,'credit','Mastercard','7384',25000.00,10200.00,'active','2020-08-01','2023-08-01'),
(27,39,'debit','Visa','4829',NULL,0.00,'active','2020-10-01','2023-10-01'),
(28,40,'credit','Visa','8293',50000.00,24000.00,'active','2022-01-01','2025-01-01'),
(29,41,'debit','Mastercard','3847',NULL,0.00,'active','2021-06-01','2024-06-01'),
(30,42,'debit','Visa','2938',NULL,0.00,'active','2022-03-01','2025-03-01'),
(31,43,'credit','Mastercard','6482',20000.00,8100.00,'active','2020-11-01','2023-11-01'),
(32,44,'credit','Visa','9274',30000.00,12800.00,'active','2021-07-01','2024-07-01'),
(33,45,'credit','Mastercard','7384',35000.00,15600.00,'active','2019-05-01','2022-05-01'),
(34,47,'debit','Visa','4829',NULL,0.00,'active','2021-08-01','2024-08-01'),
(35,48,'debit','Mastercard','3748',NULL,0.00,'active','2021-03-01','2024-03-01'),
(36,51,'credit','Visa','8293',25000.00,9600.00,'active','2021-09-01','2024-09-01'),
(37,53,'debit','Mastercard','5829',NULL,0.00,'active','2020-04-01','2023-04-01'),
(38,54,'credit','Visa','7384',40000.00,17200.00,'active','2019-07-01','2022-07-01'),
(39,56,'debit','Visa','4729',NULL,0.00,'active','2019-11-01','2022-11-01'),
(40,57,'debit','Mastercard','3829',NULL,0.00,'active','2021-06-01','2024-06-01'),
(41,58,'credit','Visa','8374',20000.00,7800.00,'active','2019-02-01','2022-02-01'),
(42,59,'debit','Mastercard','5748',NULL,0.00,'active','2021-10-01','2024-10-01'),
(43,60,'credit','Visa','9283',50000.00,21500.00,'active','2020-02-01','2023-02-01'),
(44,61,'debit','Mastercard','4829',NULL,0.00,'active','2019-09-01','2022-09-01'),
(45,62,'debit','Visa','3748',NULL,0.00,'active','2020-11-01','2023-11-01'),
(46,63,'credit','Mastercard','7293',25000.00,10800.00,'active','2021-01-01','2024-01-01'),
(47,64,'debit','Visa','5829',NULL,0.00,'active','2022-08-01','2025-08-01'),
(48,65,'credit','Visa','8374',30000.00,13400.00,'active','2020-07-01','2023-07-01'),
(49,66,'debit','Mastercard','4729',NULL,0.00,'active','2022-04-01','2025-04-01'),
(50,67,'debit','Visa','3848',NULL,0.00,'active','2021-09-01','2024-09-01'),
(51,68,'credit','Mastercard','6293',20000.00,7200.00,'active','2021-12-01','2024-12-01'),
(52,69,'credit','Visa','9374',40000.00,18000.00,'active','2020-06-01','2023-06-01'),
(53,70,'debit','Mastercard','5829',NULL,0.00,'active','2019-10-01','2022-10-01'),
(54,71,'debit','Visa','4748',NULL,0.00,'active','2022-08-01','2025-08-01'),
(55,72,'credit','Mastercard','8293',25000.00,9400.00,'active','2021-04-01','2024-04-01'),
(56,73,'credit','Visa','7384',30000.00,12100.00,'active','2022-01-01','2025-01-01'),
(57,75,'debit','Mastercard','5829',NULL,0.00,'active','2020-07-01','2023-07-01'),
(58,76,'credit','Visa','9274',45000.00,20200.00,'active','2021-02-01','2024-02-01'),
(59,78,'debit','Mastercard','4829',NULL,0.00,'active','2021-11-01','2024-11-01'),
(60,79,'debit','Visa','3748',NULL,0.00,'active','2022-04-01','2025-04-01'),
(61,80,'credit','Mastercard','8293',25000.00,10600.00,'active','2019-06-01','2022-06-01'),
(62,82,'debit','Visa','5829',NULL,0.00,'active','2021-02-01','2024-02-01'),
(63,83,'credit','Mastercard','9374',50000.00,22800.00,'active','2020-08-01','2023-08-01'),
(64,84,'credit','Visa','7293',40000.00,17600.00,'active','2019-04-01','2022-04-01'),
(65,86,'debit','Mastercard','4829',NULL,0.00,'active','2022-03-01','2025-03-01'),
(66,87,'debit','Visa','3748',NULL,0.00,'active','2021-10-01','2024-10-01'),
(67,88,'credit','Mastercard','8293',25000.00,9800.00,'active','2020-08-01','2023-08-01'),
(68,89,'credit','Visa','9374',50000.00,23400.00,'active','2019-12-01','2022-12-01'),
(69,91,'debit','Mastercard','5829',NULL,0.00,'active','2021-05-01','2024-05-01'),
(70,92,'debit','Visa','4748',NULL,0.00,'active','2021-01-01','2024-01-01');

-- ============================================================
-- CARD TRANSACTIONS (200 rows)
-- ============================================================
INSERT INTO card_transactions (card_id,merchant_name,merchant_category,amount,transaction_date,status) VALUES
(2,'Jaya Grocer','groceries',187.50,'2023-01-08 10:30:00','approved'),
(2,'McDonald\'s','dining',42.90,'2023-01-10 13:15:00','approved'),
(2,'Shopee MY','online',320.00,'2023-01-12 20:45:00','approved'),
(2,'TNB','utilities',185.00,'2023-01-15 09:00:00','approved'),
(2,'AirAsia','travel',580.00,'2023-01-20 11:30:00','approved'),
(4,'KFC','dining',38.50,'2023-01-09 12:30:00','approved'),
(4,'99 Speedmart','groceries',65.80,'2023-01-14 18:20:00','approved'),
(4,'Petronas','petrol',120.00,'2023-01-18 08:45:00','approved'),
(4,'GSC','entertainment',35.00,'2023-01-22 19:30:00','approved'),
(4,'Caring Pharmacy','healthcare',95.50,'2023-01-25 11:00:00','approved'),
(6,'Lazada MY','online',450.00,'2023-01-07 21:00:00','approved'),
(6,'Nando\'s Malaysia','dining',88.00,'2023-01-11 19:45:00','approved'),
(6,'Shell Malaysia','petrol',150.00,'2023-01-16 07:30:00','approved'),
(6,'Malaysia Airlines','travel',1200.00,'2023-01-19 10:00:00','approved'),
(6,'Unifi TM','utilities',220.00,'2023-01-24 09:00:00','approved'),
(8,'Aeon','groceries',312.60,'2023-01-06 11:00:00','approved'),
(8,'Secret Recipe','dining',76.50,'2023-01-13 13:30:00','approved'),
(8,'Grab','travel',45.00,'2023-01-17 08:15:00','approved'),
(8,'Netflix MY','entertainment',55.00,'2023-01-21 20:00:00','approved'),
(8,'KPJ Hospital','healthcare',380.00,'2023-01-26 14:00:00','approved'),
(11,'Giant Hypermarket','groceries',245.80,'2023-02-03 10:00:00','approved'),
(11,'Oldtown White Coffee','dining',52.00,'2023-02-07 08:30:00','approved'),
(11,'Shopee MY','online',178.00,'2023-02-09 21:30:00','approved'),
(11,'Maxis','utilities',158.00,'2023-02-12 09:00:00','approved'),
(11,'Grab','travel',38.50,'2023-02-14 07:45:00','approved'),
(13,'Mydin','groceries',198.40,'2023-02-04 11:30:00','approved'),
(13,'Marrybrown','dining',29.90,'2023-02-08 13:00:00','approved'),
(13,'Caltex','petrol',130.00,'2023-02-11 08:00:00','approved'),
(13,'TGV Cinemas','entertainment',48.00,'2023-02-15 20:30:00','approved'),
(13,'Pantai Hospital','healthcare',520.00,'2023-02-18 10:30:00','approved'),
(15,'Jaya Grocer','groceries',275.30,'2023-02-05 10:15:00','approved'),
(15,'Secret Recipe','dining',94.50,'2023-02-10 19:00:00','approved'),
(15,'AirAsia','travel',680.00,'2023-02-13 11:00:00','approved'),
(15,'Lazada MY','online',390.00,'2023-02-16 22:00:00','approved'),
(15,'TNB','utilities',195.00,'2023-02-20 09:00:00','approved'),
(17,'Tesco Malaysia','groceries',356.20,'2023-02-06 11:45:00','approved'),
(17,'KFC','dining',55.80,'2023-02-09 12:30:00','approved'),
(17,'Petronas','petrol',145.00,'2023-02-12 07:30:00','approved'),
(17,'Sunway Lagoon','entertainment',180.00,'2023-02-17 10:00:00','approved'),
(17,'Guardian','healthcare',88.00,'2023-02-21 15:00:00','approved'),
(20,'Shopee MY','online',520.00,'2023-03-02 20:00:00','approved'),
(20,'Nando\'s Malaysia','dining',112.00,'2023-03-06 19:30:00','approved'),
(20,'Malaysia Airlines','travel',2400.00,'2023-03-10 09:00:00','approved'),
(20,'Aeon','groceries',288.40,'2023-03-14 11:00:00','approved'),
(20,'Celcom','utilities',168.00,'2023-03-18 09:00:00','approved'),
(23,'Jaya Grocer','groceries',198.60,'2023-03-03 10:30:00','approved'),
(23,'Grab','travel',62.00,'2023-03-07 08:00:00','approved'),
(23,'Zalora MY','online',345.00,'2023-03-11 21:00:00','approved'),
(23,'Astro','utilities',199.00,'2023-03-15 09:00:00','approved'),
(23,'Pantai Hospital','healthcare',650.00,'2023-03-20 11:30:00','approved'),
(26,'99 Speedmart','groceries',78.50,'2023-03-04 18:00:00','approved'),
(26,'McDonald\'s','dining',48.90,'2023-03-08 13:00:00','approved'),
(26,'Shell Malaysia','petrol',155.00,'2023-03-12 08:15:00','approved'),
(26,'Netflix MY','entertainment',55.00,'2023-03-16 20:00:00','approved'),
(26,'Caring Pharmacy','healthcare',112.00,'2023-03-21 15:30:00','approved'),
(28,'Tesco Malaysia','groceries',423.80,'2023-03-05 11:00:00','approved'),
(28,'Secret Recipe','dining',86.00,'2023-03-09 19:45:00','approved'),
(28,'AirAsia','travel',1100.00,'2023-03-13 10:30:00','approved'),
(28,'Lazada MY','online',680.00,'2023-03-17 22:30:00','approved'),
(28,'TNB','utilities',210.00,'2023-03-22 09:00:00','approved'),
(31,'Jaya Grocer','groceries',165.40,'2023-04-02 10:00:00','approved'),
(31,'Oldtown White Coffee','dining',44.00,'2023-04-06 08:30:00','approved'),
(31,'BHPetrol','petrol',125.00,'2023-04-09 08:00:00','approved'),
(31,'GSC','entertainment',42.00,'2023-04-13 20:00:00','approved'),
(31,'Watson MY','healthcare',78.00,'2023-04-17 16:00:00','approved'),
(32,'Shopee MY','online',295.00,'2023-04-03 21:30:00','approved'),
(32,'Marrybrown','dining',33.50,'2023-04-07 13:15:00','approved'),
(32,'Grab','travel',55.00,'2023-04-10 07:45:00','approved'),
(32,'Maxis','utilities',178.00,'2023-04-14 09:00:00','approved'),
(32,'KPJ Hospital','healthcare',420.00,'2023-04-18 11:00:00','approved'),
(33,'Aeon','groceries',334.60,'2023-04-04 11:00:00','approved'),
(33,'Nando\'s Malaysia','dining',98.00,'2023-04-08 20:00:00','approved'),
(33,'Malaysia Airlines','travel',1800.00,'2023-04-11 10:00:00','approved'),
(33,'Zalora MY','online',425.00,'2023-04-15 22:00:00','approved'),
(33,'Celcom','utilities',158.00,'2023-04-19 09:00:00','approved'),
(36,'Giant Hypermarket','groceries',212.80,'2023-05-03 11:30:00','approved'),
(36,'KFC','dining',62.50,'2023-05-07 12:30:00','approved'),
(36,'Petronas','petrol',140.00,'2023-05-10 08:00:00','approved'),
(36,'Genting Highlands','entertainment',350.00,'2023-05-14 10:00:00','approved'),
(36,'Pantai Hospital','healthcare',580.00,'2023-05-18 14:00:00','approved'),
(38,'Jaya Grocer','groceries',289.20,'2023-05-04 10:15:00','approved'),
(38,'Secret Recipe','dining',108.00,'2023-05-08 19:30:00','approved'),
(38,'AirAsia','travel',920.00,'2023-05-11 11:00:00','approved'),
(38,'Shopee MY','online',540.00,'2023-05-15 21:00:00','approved'),
(38,'Unifi TM','utilities',220.00,'2023-05-19 09:00:00','approved'),
(41,'Mydin','groceries',176.60,'2023-05-05 10:30:00','approved'),
(41,'Oldtown White Coffee','dining',38.00,'2023-05-09 08:00:00','approved'),
(41,'Shell Malaysia','petrol',135.00,'2023-05-12 07:30:00','approved'),
(41,'Netflix MY','entertainment',55.00,'2023-05-16 20:00:00','approved'),
(41,'Caring Pharmacy','healthcare',145.00,'2023-05-20 15:30:00','approved'),
(43,'Tesco Malaysia','groceries',398.40,'2023-06-03 11:00:00','approved'),
(43,'Nando\'s Malaysia','dining',124.00,'2023-06-07 20:00:00','approved'),
(43,'Grab','travel',78.00,'2023-06-10 08:00:00','approved'),
(43,'Lazada MY','online',760.00,'2023-06-14 22:00:00','approved'),
(43,'TNB','utilities',198.00,'2023-06-18 09:00:00','approved'),
(46,'Jaya Grocer','groceries',223.80,'2023-06-04 10:45:00','approved'),
(46,'McDonald\'s','dining',56.90,'2023-06-08 13:00:00','approved'),
(46,'Caltex','petrol',148.00,'2023-06-11 08:00:00','approved'),
(46,'TGV Cinemas','entertainment',52.00,'2023-06-15 20:30:00','approved'),
(46,'KPJ Hospital','healthcare',480.00,'2023-06-19 11:00:00','approved'),
(48,'Aeon','groceries',305.60,'2023-06-05 11:15:00','approved'),
(48,'Secret Recipe','dining',92.00,'2023-06-09 19:00:00','approved'),
(48,'Malaysia Airlines','travel',2100.00,'2023-06-12 10:00:00','approved'),
(48,'Zalora MY','online',380.00,'2023-06-16 21:30:00','approved'),
(48,'Maxis','utilities',168.00,'2023-06-20 09:00:00','approved'),
(51,'99 Speedmart','groceries',88.40,'2023-07-04 18:00:00','approved'),
(51,'KFC','dining',44.50,'2023-07-08 12:30:00','approved'),
(51,'BHPetrol','petrol',130.00,'2023-07-11 08:15:00','approved'),
(51,'Astro','entertainment',199.00,'2023-07-15 09:00:00','approved'),
(51,'Watson MY','healthcare',92.00,'2023-07-19 16:00:00','approved'),
(52,'Shopee MY','online',620.00,'2023-07-05 21:00:00','approved'),
(52,'Nando\'s Malaysia','dining',116.00,'2023-07-09 20:00:00','approved'),
(52,'AirAsia','travel',840.00,'2023-07-12 11:00:00','approved'),
(52,'Jaya Grocer','groceries',267.40,'2023-07-16 10:30:00','approved'),
(52,'Celcom','utilities',158.00,'2023-07-20 09:00:00','approved'),
(55,'Tesco Malaysia','groceries',342.20,'2023-07-06 11:30:00','approved'),
(55,'Marrybrown','dining',36.50,'2023-07-10 13:00:00','approved'),
(55,'Shell Malaysia','petrol',145.00,'2023-07-13 08:00:00','approved'),
(55,'GSC','entertainment',48.00,'2023-07-17 20:30:00','approved'),
(55,'Pantai Hospital','healthcare',610.00,'2023-07-21 14:30:00','approved'),
(56,'Lazada MY','online',445.00,'2023-08-03 22:00:00','approved'),
(56,'Secret Recipe','dining',102.00,'2023-08-07 19:30:00','approved'),
(56,'Grab','travel',68.00,'2023-08-10 07:45:00','approved'),
(56,'Unifi TM','utilities',220.00,'2023-08-14 09:00:00','approved'),
(56,'Caring Pharmacy','healthcare',128.00,'2023-08-18 15:00:00','approved'),
(58,'Aeon','groceries',378.60,'2023-08-04 11:00:00','approved'),
(58,'Nando\'s Malaysia','dining',130.00,'2023-08-08 20:15:00','approved'),
(58,'Malaysia Airlines','travel',2800.00,'2023-08-11 10:00:00','approved'),
(58,'Shopee MY','online',780.00,'2023-08-15 21:30:00','approved'),
(58,'TNB','utilities',205.00,'2023-08-19 09:00:00','approved'),
(61,'Giant Hypermarket','groceries',232.80,'2023-08-05 10:30:00','approved'),
(61,'McDonald\'s','dining',64.90,'2023-08-09 13:15:00','approved'),
(61,'Petronas','petrol',152.00,'2023-08-12 08:00:00','approved'),
(61,'Netflix MY','entertainment',55.00,'2023-08-16 20:00:00','approved'),
(61,'KPJ Hospital','healthcare',520.00,'2023-08-20 11:30:00','approved'),
(63,'Mydin','groceries',189.40,'2023-09-04 10:15:00','approved'),
(63,'KFC','dining',58.50,'2023-09-08 12:30:00','approved'),
(63,'Caltex','petrol',138.00,'2023-09-11 08:00:00','approved'),
(63,'Sunway Lagoon','entertainment',220.00,'2023-09-15 10:00:00','approved'),
(63,'Pantai Hospital','healthcare',480.00,'2023-09-19 14:00:00','approved'),
(64,'Jaya Grocer','groceries',256.80,'2023-09-05 11:00:00','approved'),
(64,'Secret Recipe','dining',118.00,'2023-09-09 19:45:00','approved'),
(64,'AirAsia','travel',960.00,'2023-09-12 11:00:00','approved'),
(64,'Zalora MY','online',490.00,'2023-09-16 22:00:00','approved'),
(64,'Maxis','utilities',178.00,'2023-09-20 09:00:00','approved'),
(67,'Tesco Malaysia','groceries',312.40,'2023-10-04 11:30:00','approved'),
(67,'Oldtown White Coffee','dining',46.00,'2023-10-08 08:30:00','approved'),
(67,'Shell Malaysia','petrol',142.00,'2023-10-11 07:30:00','approved'),
(67,'GSC','entertainment',54.00,'2023-10-15 20:30:00','approved'),
(67,'Watson MY','healthcare',98.00,'2023-10-19 16:00:00','approved'),
(68,'Shopee MY','online',840.00,'2023-10-05 21:00:00','approved'),
(68,'Nando\'s Malaysia','dining',136.00,'2023-10-09 20:00:00','approved'),
(68,'Grab','travel',88.00,'2023-10-12 08:00:00','approved'),
(68,'Aeon','groceries',298.60,'2023-10-16 11:00:00','approved'),
(68,'Celcom','utilities',168.00,'2023-10-20 09:00:00','approved'),
(2,'Giant Hypermarket','groceries',278.40,'2023-11-03 10:00:00','approved'),
(4,'Marrybrown','dining',31.50,'2023-11-05 12:30:00','declined'),
(6,'BHPetrol','petrol',128.00,'2023-11-07 08:00:00','approved'),
(8,'TGV Cinemas','entertainment',56.00,'2023-11-09 20:30:00','approved'),
(11,'Caring Pharmacy','healthcare',105.00,'2023-11-11 15:00:00','approved'),
(13,'Lazada MY','online',355.00,'2023-11-13 22:00:00','approved'),
(15,'McDonald\'s','dining',72.90,'2023-11-15 13:00:00','approved'),
(17,'AirAsia','travel',740.00,'2023-11-17 10:30:00','approved'),
(20,'Jaya Grocer','groceries',224.80,'2023-11-19 10:15:00','approved'),
(23,'Unifi TM','utilities',220.00,'2023-11-21 09:00:00','approved'),
(26,'KPJ Hospital','healthcare',390.00,'2023-11-23 14:00:00','approved'),
(28,'Nando\'s Malaysia','dining',108.00,'2023-11-25 20:00:00','approved'),
(31,'Petronas','petrol',135.00,'2023-11-27 08:00:00','approved'),
(32,'Shopee MY','online',465.00,'2023-11-29 21:30:00','approved'),
(33,'Aeon','groceries',345.60,'2023-12-02 11:00:00','approved'),
(36,'Secret Recipe','dining',96.00,'2023-12-04 19:30:00','approved'),
(38,'Grab','travel',52.00,'2023-12-06 08:00:00','approved'),
(41,'Zalora MY','online',288.00,'2023-12-08 21:00:00','approved'),
(43,'TNB','utilities',198.00,'2023-12-10 09:00:00','approved'),
(46,'Pantai Hospital','healthcare',550.00,'2023-12-12 11:30:00','approved'),
(48,'KFC','dining',48.90,'2023-12-14 12:30:00','approved'),
(51,'BHPetrol','petrol',132.00,'2023-12-16 08:15:00','approved'),
(52,'Netflix MY','entertainment',55.00,'2023-12-18 20:00:00','approved'),
(55,'Jaya Grocer','groceries',198.80,'2023-12-20 10:30:00','approved'),
(56,'Maxis','utilities',178.00,'2023-12-22 09:00:00','approved'),
(58,'Malaysia Airlines','travel',3200.00,'2023-12-24 10:00:00','approved'),
(61,'Shopee MY','online',520.00,'2023-12-26 21:00:00','approved'),
(63,'Watson MY','healthcare',115.00,'2023-12-28 16:00:00','approved'),
(64,'Aeon','groceries',312.40,'2023-12-30 11:00:00','approved'),
(67,'Grab','travel',72.00,'2024-01-02 08:00:00','approved'),
(68,'Oldtown White Coffee','dining',54.00,'2024-01-04 08:30:00','approved'),
(2,'Tesco Malaysia','groceries',289.60,'2024-01-06 11:00:00','approved'),
(4,'Shell Malaysia','petrol',148.00,'2024-01-08 08:00:00','approved'),
(6,'TGV Cinemas','entertainment',48.00,'2024-01-10 20:30:00','approved'),
(8,'KPJ Hospital','healthcare',450.00,'2024-01-12 14:00:00','approved'),
(11,'Nando\'s Malaysia','dining',104.00,'2024-01-14 19:30:00','reversed'),
(13,'Lazada MY','online',398.00,'2024-01-16 22:00:00','approved'),
(15,'Petronas','petrol',142.00,'2024-01-18 08:00:00','approved'),
(17,'Jaya Grocer','groceries',265.20,'2024-01-20 10:15:00','approved'),
(20,'Celcom','utilities',168.00,'2024-01-22 09:00:00','approved'),
(23,'Secret Recipe','dining',114.00,'2024-01-24 19:00:00','approved'),
(26,'AirAsia','travel',880.00,'2024-01-26 11:00:00','approved'),
(28,'Aeon','groceries',334.80,'2024-01-28 11:00:00','approved'),
(31,'Caring Pharmacy','healthcare',135.00,'2024-01-30 15:30:00','approved');
